{"train_loss": [0.7943894568443298, 0.8273649396896362, 0.8599235102653503, 0.795608336353302, 0.8113752354621887, 0.8266841166496277, 0.7914016576766968, 0.869768588924408, 0.7781829003334045, 0.8062607778549195], "val_loss": [0.7413614263200456, 0.7030180449698381, 0.7022970964194862, 0.7015994263302748, 0.8610513532996937, 1.3532708442894517, 0.7757509111598798, 0.7019283976524499, 0.8495789088641003, 0.7637456970609677], "acc": [0.528, 0.4952, 0.4952, 0.5048, 0.5048, 0.4952, 0.5048, 0.5048, 0.5048, 0.4952]}