{"train_loss": [0.5527668576717377, 0.4246416464686394, 0.38337162705659866, 0.35477649003267286, 0.3245271990060806, 0.29954861191511156, 0.2697641687721014, 0.2466004096865654, 0.22324881331175567, 0.2014491560548544], "val_loss": [0.4557251000937562, 0.4278883944970731, 0.4009258310539654, 0.37843434124613723, 0.38198059297407777, 0.36536757040995, 0.3715792209052811, 0.3868012628949488, 0.4019294998849543, 0.3968770774051595], "acc": [0.7934, 0.8092, 0.8268, 0.8332, 0.8386, 0.8448, 0.8426, 0.845, 0.8266, 0.8476]}