{"train_loss": [0.7146621673345566, 0.7230963227510452, 0.7269534103393555, 0.7371169583559036, 0.7411014982700348, 0.7295553082704545, 0.7367584565401077, 0.7436089393615722, 0.7399293717145919, 0.7309880288124084], "val_loss": [0.7228089832840636, 0.6986613621155675, 0.7892186925434076, 0.7132199541829265, 0.6849093385778677, 0.7003077303830046, 0.7185061673958081, 0.8165164502284017, 0.7190921519891903, 0.6908928825261113], "acc": [0.5238, 0.5284, 0.5168, 0.4952, 0.5556, 0.4944, 0.4952, 0.4952, 0.5292, 0.5594]}