{"train_loss": [0.8859400202274322, 0.9039805852651596, 0.8597484686374665, 0.9116244146108627, 0.8924223138332367, 0.9156142108440399, 0.8688639346122742, 0.888516303896904, 0.8762813943147659, 0.9097861286878586], "val_loss": [0.9855752713002336, 0.69302485145319, 1.056220056911627, 1.1639776669514066, 0.7343797845581469, 0.7682037595361947, 0.702718302845574, 1.293023468611149, 1.3721089107683673, 0.6931908821907288], "acc": [0.5048, 0.5048, 0.4952, 0.4952, 0.5048, 0.5048, 0.5048, 0.5048, 0.4952, 0.5052]}