{"train_loss": [0.8390045589208603, 0.7893010172605515, 0.8275702129602432, 0.835206958246231, 0.802060178899765, 0.8169711461305619, 0.7953032928943634, 0.8097491379499435, 0.8243614403247833, 0.8163199017047882], "val_loss": [0.6933550114829701, 0.955795446428628, 0.7969359953563434, 1.0036395709640302, 0.7779854079024099, 0.8286488686506741, 0.7002594236748668, 0.8807290673446351, 0.7424639053999806, 1.031595856284562], "acc": [0.5048, 0.5048, 0.4952, 0.5048, 0.5048, 0.4952, 0.5048, 0.4952, 0.5048, 0.4952]}