{"train_loss": [0.5155828834056855, 0.41968505170345305, 0.39120720810890197, 0.3762642999649048, 0.367870758241415, 0.3455326959520578, 0.3302050320029259, 0.30801557468771934, 0.29375669816434385, 0.27190910579264166], "val_loss": [0.42869943413681116, 0.433482560296409, 0.42404071805766597, 0.420717433237801, 0.42777134789921606, 0.39238895185458394, 0.3929574569098104, 0.38378104386619105, 0.4299098582456287, 0.44224472417713356], "acc": [0.8002, 0.8038, 0.8066, 0.8012, 0.8048, 0.8284, 0.8254, 0.8322, 0.8144, 0.8154]}