{"train_loss": [0.6463464831829071, 0.47408152333498, 0.38943004388809205, 0.33514266753196714, 0.29556679874658587, 0.26427282547354697, 0.2371659503251314, 0.21333943975269795, 0.19224693435132503, 0.1717697212204337], "val_loss": [0.5234836951231423, 0.4257705341131923, 0.37119030433531386, 0.3346895816417548, 0.3219966461626105, 0.30990130428117685, 0.3032339385475594, 0.2977703287245366, 0.2932261649412088, 0.2970665327895183], "acc": [0.814, 0.8396, 0.8598, 0.8716, 0.8762, 0.8802, 0.8808, 0.8826, 0.883, 0.8812]}