{"train_loss": [0.6287497277259827, 0.4444233851402998, 0.36136849202811716, 0.31032829109132287, 0.2742119734838605, 0.24101327637657524, 0.21438362131416797, 0.18908250299505888, 0.16540748040005565, 0.14435200947895646], "val_loss": [0.5064510543346405, 0.3911164605855942, 0.35042328379154203, 0.32938971940875056, 0.3089641722202301, 0.29948838712871073, 0.3081114859342575, 0.29707217743843795, 0.2895347330495715, 0.3043848683387041], "acc": [0.8196, 0.8562, 0.8642, 0.874, 0.8794, 0.8786, 0.878, 0.8822, 0.8872, 0.8808]}