{"train_loss": [0.6609670723795891, 0.5232899077892303, 0.43357838812470434, 0.3645086919009686, 0.3132269166842103, 0.26985799224972723, 0.23302486728131772, 0.19982565131485464, 0.17167061000987888, 0.1449916364196688], "val_loss": [0.5851599012374878, 0.49798160083293913, 0.43922327830791474, 0.40557269406318663, 0.38373418341875076, 0.3686707885801792, 0.36023119741082194, 0.35340989441275594, 0.35086394023001194, 0.34670557034313676], "acc": [0.7226, 0.7764, 0.8138, 0.8304, 0.8382, 0.844, 0.846, 0.853, 0.8502, 0.8564]}