{"train_loss": [0.8174089696884155, 0.8298302569389343, 0.8097012603759766, 0.8055198850631714, 0.8199914729118347, 0.8110653633117676, 0.8680716533660888, 0.7888324836730957, 0.8201808671951294, 0.8039940218925477], "val_loss": [0.6938780625914313, 0.6935454345053169, 0.7812758858796138, 0.8023630224975051, 0.6970666179991072, 0.8508053112561536, 0.7095636452079579, 0.6949105915749908, 0.8055970794076373, 0.7070835240327629], "acc": [0.5048, 0.505, 0.5048, 0.5048, 0.4952, 0.5048, 0.4952, 0.5048, 0.5048, 0.4952]}