{"train_loss": [0.522440763759613, 0.3717009468317032, 0.3068564167380333, 0.25528472794294355, 0.22137654240131377, 0.18281768294870854, 0.1504524207562208, 0.11616959846764803, 0.09407883978188038, 0.06895717461705207], "val_loss": [0.4520804696022325, 0.3855462597244105, 0.3556041792509662, 0.3693865815735167, 0.3517551639941847, 0.3397773504257202, 0.38708952923489226, 0.3600290440924608, 0.38492233389217384, 0.3916215230325225], "acc": [0.7916, 0.8256, 0.8456, 0.84, 0.8504, 0.8614, 0.8464, 0.8604, 0.8578, 0.8616]}