{"train_loss": [0.6921428493499756, 0.595709561920166, 0.4915308194875717, 0.42153476012945174, 0.3658857765734196, 0.31863166519999503, 0.27779506684541705, 0.2434218258827925, 0.21504361032247543, 0.18855123318731784], "val_loss": [0.6856279668335716, 0.5401023611093101, 0.48020612698393506, 0.4366013073026182, 0.40481818522127294, 0.38199503267535007, 0.36253171844985155, 0.3507194191026992, 0.3416167594754277, 0.34049820521483404], "acc": [0.6384, 0.7854, 0.8032, 0.8168, 0.8302, 0.8418, 0.8484, 0.8482, 0.855, 0.8536]}