{"train_loss": [0.69160657787323, 0.6356248389720917, 0.5209496171474457, 0.457329753780365, 0.4058277144432068, 0.3641407336711884, 0.3287969663143158, 0.2978326611995697, 0.2702761467456818, 0.24671982918977736], "val_loss": [0.6895684926373185, 0.5624263493498419, 0.5051322657211571, 0.4614574466920962, 0.4312007165258857, 0.4102210770746705, 0.3946653169811152, 0.3809696008824998, 0.3699869341721201, 0.36280182355148777], "acc": [0.4968, 0.7702, 0.7956, 0.8134, 0.824, 0.8312, 0.8314, 0.8374, 0.8436, 0.8424]}