{"train_loss": [0.7213236740112304, 0.718185436630249, 0.7320602212905883, 0.7227858085632324, 0.7221419506072998, 0.7219438460350036, 0.7323547306060791, 0.719549129486084, 0.7265238429069519, 0.7185987756729126], "val_loss": [0.7205180871258875, 0.7501864023269362, 0.6977611522006381, 0.7374890477034697, 0.6979671283892006, 0.6950535781823906, 0.718213755234032, 0.6930809138686793, 0.6939813935073318, 0.6989710934602531], "acc": [0.4952, 0.4952, 0.5048, 0.4952, 0.5048, 0.4952, 0.5048, 0.505, 0.5046, 0.4952]}