{"train_loss": [0.7664915533363819, 0.7702838313758373, 0.7624348720729351, 0.7651275704741478, 0.7616957074403763, 0.7670759174644947, 0.7686960427165032, 0.7562278714060784, 0.7683197726473212, 0.7630226452350617], "val_loss": [0.8021431040763854, 0.6968525714874267, 0.7641207396507264, 0.7261466186523438, 0.709419371509552, 0.6994640962600708, 0.7387593753814697, 1.1560611457824708, 0.8124451019763946, 0.6981591354370117], "acc": [0.4952, 0.5048, 0.5048, 0.4952, 0.5048, 0.4952, 0.5048, 0.5048, 0.4952, 0.4952]}