{"train_loss": [0.5051577612400054, 0.38011954658031466, 0.3408733319759369, 0.3145245191812515, 0.29327595679759977, 0.2629834336400032, 0.23306891729831697, 0.20555480688214303, 0.18202543350458145, 0.15968527277708053], "val_loss": [0.43667899765026796, 0.361380724960072, 0.35746897965859453, 0.3683591414788726, 0.34362824014417687, 0.3393448144672023, 0.3341391639439923, 0.3667903253512018, 0.34980314001915563, 0.35410605589295646], "acc": [0.8026, 0.8476, 0.8456, 0.85, 0.852, 0.8568, 0.8626, 0.8526, 0.861, 0.8624]}