{"train_loss": [1.0401242870405316, 0.965434803634882, 1.0025980935841798, 1.0408501770332457, 1.0228715347663033, 1.009667253395915, 1.0284538938239216, 1.0489313477039337, 1.0035823294449597, 0.9934173006802798], "val_loss": [0.7562072647571564, 0.8972682369470596, 0.9507843901634216, 1.5060071813762188, 0.8845967665195466, 1.7861369448155164, 0.7241100155353546, 0.703028757762909, 0.9952340983152389, 0.7538488428592682], "acc": [0.5048, 0.5048, 0.5048, 0.5048, 0.4952, 0.4952, 0.4952, 0.5048, 0.5048, 0.4952]}