{"train_loss": [0.5418696197092533, 0.4127869621992111, 0.3760751256406307, 0.34711326406374576, 0.3195846330754459, 0.3063141897317022, 0.29100958740152416, 0.26228750819973645, 0.23940524582155048, 0.22490057488046586], "val_loss": [0.45735836437940597, 0.4476220497906208, 0.43040829066038133, 0.43748052043020724, 0.4457376039862633, 0.4288899217545986, 0.4253990320324898, 0.4321557656943798, 0.44331690927147865, 0.4411231676548719], "acc": [0.7862, 0.786, 0.8004, 0.8038, 0.7996, 0.8122, 0.8144, 0.8136, 0.8218, 0.8174]}