{"train_loss": [0.5833787349224091, 0.40411607801020144, 0.3305565882861614, 0.28619198978841304, 0.25115927358865736, 0.2223928356654942, 0.19712006415575742, 0.17306576687693595, 0.1480719019792974, 0.1284594502400607], "val_loss": [0.44360032591819765, 0.3778828928232193, 0.33739856029748916, 0.314414818418026, 0.303469478520751, 0.30162142225503924, 0.28516860085129736, 0.2966302322298288, 0.28942839770913126, 0.3101868822440505], "acc": [0.8096, 0.848, 0.8616, 0.8688, 0.8766, 0.875, 0.8876, 0.8818, 0.883, 0.8786]}