{"train_loss": [0.7246816973686219, 0.7267866644859314, 0.7171399096488953, 0.715032105922699, 0.7205483762741088, 0.7290795012474061, 0.7203702507972717, 0.7205561027526856, 0.7205698310852051, 0.7155749292373658], "val_loss": [0.7234021277184699, 0.7359158810536572, 0.7030240046750208, 0.7150843215596144, 0.7105460960394258, 0.6951214458532394, 0.7761967501063256, 0.7016145833738291, 0.7330970361733892, 0.7054833401540282], "acc": [0.5048, 0.5048, 0.505, 0.4952, 0.4952, 0.495, 0.4952, 0.4952, 0.4952, 0.4952]}