{"train_loss": [0.7427668286085128, 0.7394288157463074, 0.7356484318971634, 0.7387311709165573, 0.7434949006795883, 0.7301772389888763, 0.7356957236289978, 0.7427528846979141, 0.7310138473033905, 0.7445686839580535], "val_loss": [0.7086614016145943, 0.7242347668535032, 0.6931566702672087, 0.7197041207799515, 0.7044435840445205, 0.7259396181319849, 0.6932708308719598, 0.7094963139619309, 0.7712612308252352, 0.7375948763312623], "acc": [0.4952, 0.5048, 0.4952, 0.5048, 0.4952, 0.4952, 0.5052, 0.4952, 0.4952, 0.5048]}