{"train_loss": [0.5129242506027222, 0.3815318369626999, 0.33058969728946686, 0.2978042255759239, 0.26761199048161505, 0.24540821486711503, 0.21737378522753714, 0.198807118588686, 0.17621939591765404, 0.16089087683856487], "val_loss": [0.4369378377487705, 0.3961480815129675, 0.42796243053333016, 0.34681870726643094, 0.36093961319346335, 0.41536587419783233, 0.3882857252173363, 0.3571259815032315, 0.3872547891394348, 0.4051992895117231], "acc": [0.8, 0.8258, 0.7984, 0.8558, 0.8432, 0.8238, 0.8456, 0.855, 0.8472, 0.8438]}