{"train_loss": [0.7724879983901978, 0.7726839557647706, 0.7688427389144897, 0.7677606958389283, 0.7829311910629273, 0.7708129681587219, 0.7814247334480285, 0.7589425386428833, 0.7487006804466247, 0.7776495049476624], "val_loss": [0.9424412770635763, 0.7098888284081866, 0.7079833829478853, 0.7848337584999716, 0.6947438466321131, 0.7114656909256224, 0.6955104436084723, 0.7099815762726365, 0.69413739784508, 0.7007112594167139], "acc": [0.4952, 0.5048, 0.4952, 0.5048, 0.4952, 0.5048, 0.5048, 0.5048, 0.5048, 0.5048]}