{"train_loss": [0.5321463355660438, 0.3775126467466354, 0.32063257070481777, 0.27672008258998393, 0.24537325100898744, 0.2051448314473033, 0.1798941337056458, 0.15439923038855194, 0.12816232036985456, 0.10803971479348838], "val_loss": [0.43212036607554927, 0.40339444834774674, 0.39389741489776786, 0.39048808479842284, 0.39082649177588974, 0.38276396561473514, 0.4081935773011499, 0.4074998075326982, 0.41678638165941634, 0.44903557511647574], "acc": [0.807, 0.8154, 0.8294, 0.825, 0.8294, 0.8424, 0.8346, 0.837, 0.8432, 0.8428]}