{"train_loss": [0.6605535791397095, 0.494778289937973, 0.39157279427051545, 0.32314436967372895, 0.2726003054380417, 0.2315658998608589, 0.19846116849184037, 0.16629453211426734, 0.14006670097112656, 0.11728506690859794], "val_loss": [0.5795323526024059, 0.4493056533822588, 0.3879096327693599, 0.3503517663213098, 0.32758599244485237, 0.3353196105379967, 0.2998665844084351, 0.2946548933151421, 0.2879951438706392, 0.30059944805066297], "acc": [0.724, 0.8224, 0.8502, 0.8636, 0.8692, 0.8548, 0.8784, 0.879, 0.883, 0.8718]}