{"train_loss": [0.5524334403157234, 0.4525267735093832, 0.4422024087458849, 0.4155367104768753, 0.39324162514805794, 0.3901154307700694, 0.3669773515351117, 0.3451848480686545, 0.33261228656992314, 0.3165271699644625], "val_loss": [0.48359460582733155, 0.4242039976239204, 0.43022749304771424, 0.3989539278924465, 0.3961233581960201, 0.39378253457546236, 0.39057298776507376, 0.5782196040540933, 0.4254624089747667, 0.4236989993557334], "acc": [0.7692, 0.805, 0.803, 0.8188, 0.8148, 0.826, 0.8304, 0.7364, 0.8084, 0.8142]}