{"train_loss": [0.6306709973335266, 0.4723255397319794, 0.36566676111221313, 0.3027490313053131, 0.2559110089063644, 0.2125231530547142, 0.17685413035154343, 0.14701543120741845, 0.11986894756555558, 0.09710308176577091], "val_loss": [0.5466923442236178, 0.4259662381403006, 0.373506475975559, 0.3371713121605527, 0.31846808912647756, 0.30402092327168034, 0.30349436791459466, 0.2914775034804253, 0.2839055544916232, 0.29694672185144605], "acc": [0.7328, 0.8246, 0.844, 0.8604, 0.8682, 0.8726, 0.872, 0.8774, 0.8834, 0.8804]}