{"train_loss": [0.560059506559372, 0.38148972487449645, 0.3121726292848587, 0.25800700478553773, 0.21134116505384445, 0.17637918176054954, 0.1403345664411783, 0.10881558209061623, 0.07947834942489862, 0.05761031353771687], "val_loss": [0.4442547329102352, 0.393831697903621, 0.3654421205353585, 0.3654522961776727, 0.36946505189511425, 0.3902377722796741, 0.38551301585071407, 0.3780736104128467, 0.3990975494027897, 0.41119118983958175], "acc": [0.8082, 0.826, 0.8356, 0.844, 0.8444, 0.8358, 0.8458, 0.8506, 0.8522, 0.8504]}