{"train_loss": [0.7694191696465016, 0.7733675208866596, 0.7657415281444788, 0.7729734043598175, 0.7627623400509358, 0.7650133429288865, 0.7520934116005897, 0.7566038039445877, 0.7692730627298355, 0.7600078000724315], "val_loss": [0.695715093421936, 0.8106252586841584, 0.7723877889633178, 0.75013698554039, 0.9968071096420288, 0.8495343393802642, 0.9739736622095108, 0.6931289716720581, 0.7949983888149261, 0.7075659893989563], "acc": [0.4952, 0.5048, 0.5048, 0.4952, 0.4952, 0.5048, 0.5048, 0.5048, 0.4952, 0.5048]}