{"train_loss": [0.5728066908955574, 0.7188049479484558, 0.7068323215484619, 0.6511799603939057, 0.5876942597150803, 0.5683425982236863, 0.565411472082138, 0.5591233758330345, 0.5481367907881737, 0.5459524136900902], "val_loss": [0.6927197510822893, 0.6961086346699407, 0.6850318271702471, 0.5975818436937972, 0.5986492274382624, 0.5552280708052479, 0.6123497458502126, 0.5482113659381866, 0.5620949992927881, 0.5393786317052932], "acc": [0.4952, 0.5048, 0.5048, 0.6962, 0.7146, 0.7224, 0.7186, 0.732, 0.7298, 0.7454]}