{"train_loss": [0.5934108797311782, 0.5087250300765037, 0.4823324446693063, 0.4696761957734823, 0.4490723750889301, 0.4434934279963374, 0.43523330629616974, 0.4242109485432506, 0.41372554335594175, 0.3991495782971382], "val_loss": [0.5828337332010269, 0.43968820692896843, 0.42322800961732865, 0.42057707341909406, 0.5475247703313828, 0.4746735392451286, 0.5008556798100472, 0.4461082839280367, 0.44973632026314736, 0.4008688944876194], "acc": [0.6638, 0.796, 0.8066, 0.805, 0.7362, 0.7778, 0.7642, 0.7936, 0.7892, 0.818]}