{"train_loss": [0.5737424502551556, 0.46687519398033617, 0.42648958315551283, 0.40784203260838986, 0.37662600615471603, 0.3530811789348722, 0.3389383081264794, 0.3175867527380586, 0.2960650604993105, 0.27249827221632006], "val_loss": [0.5307243568658828, 0.44489994908571245, 0.4403492579936981, 0.43997057166099546, 0.46592456258237364, 0.43025052578747275, 0.41995264136791227, 0.43357007955312726, 0.4046054937511683, 0.4222053883820772], "acc": [0.7474, 0.8038, 0.8012, 0.8042, 0.7986, 0.8098, 0.8082, 0.8082, 0.8294, 0.8186]}