{"train_loss": [0.524377436876297, 0.45884189459085467, 0.44358499290943143, 0.4235142681837082, 0.3995231348276138, 0.3972341843724251, 0.38090849135518073, 0.36274555064439773, 0.3607870840251446, 0.35382088270783424], "val_loss": [0.485615910337375, 0.56752926853899, 0.4482291647420524, 0.39130702790932154, 0.3898591737920484, 0.39940510962765435, 0.41208779938019124, 0.4091310632971529, 0.4486488123147632, 0.4412862144339199], "acc": [0.759, 0.7004, 0.7948, 0.8258, 0.832, 0.8212, 0.8198, 0.815, 0.8032, 0.7956]}