{"train_loss": [0.5527610168278217, 0.3527421758726239, 0.25864426333978774, 0.19074840331599116, 0.13744579302072524, 0.09322113707121461, 0.05809623310007155, 0.034340305432956665, 0.01932416768282419, 0.013111065452639013], "val_loss": [0.42270951969623566, 0.3364548096239567, 0.30616087872982023, 0.2896788031309843, 0.28550916633829476, 0.2799497913956642, 0.2788209033560008, 0.29675555037837476, 0.29291476465221494, 0.29563218530230223], "acc": [0.8262, 0.8604, 0.869, 0.8822, 0.8832, 0.8878, 0.893, 0.89, 0.8984, 0.8932]}