{"train_loss": [0.6147784507036209, 0.4363343347668648, 0.3606459097325802, 0.31208644513487815, 0.2755014944434166, 0.24605052336454392, 0.2205872813373804, 0.1956091006308794, 0.17320848647654055, 0.1528164498448372], "val_loss": [0.4728998474229258, 0.38617033908923215, 0.3412152828690343, 0.33285811462531834, 0.3091558794291636, 0.2899243264866713, 0.2865095733168026, 0.2871302921360674, 0.29113554020230764, 0.3292900058693779], "acc": [0.8136, 0.853, 0.8606, 0.867, 0.8748, 0.8824, 0.885, 0.8838, 0.882, 0.8684]}