{"train_loss": [0.7711347411155701, 0.787174580669403, 0.768231081199646, 0.7795601469993592, 0.7662911371231079, 0.7633804171562195, 0.7866347264289856, 0.7693198369979859, 0.7548010952949524, 0.781288018989563], "val_loss": [0.7096998547292819, 1.0377813664970883, 0.9309349060058594, 0.9462502467784153, 0.7400705780193304, 0.7950653293330199, 0.7305780523901533, 0.6931105020699228, 0.8257219723075818, 0.6949260846065108], "acc": [0.5048, 0.5048, 0.5048, 0.5048, 0.5048, 0.4952, 0.4952, 0.5048, 0.5048, 0.4952]}