{"train_loss": [0.8199465062379837, 0.7991891045331955, 0.8422135283946991, 0.7948421844005584, 0.8261111089229584, 0.8070935378074646, 0.8332790102958679, 0.8210047415018081, 0.7918460476398468, 0.8185327390193939], "val_loss": [1.0121452126164026, 0.6935166529954051, 0.77960027168734, 0.7056077783481001, 0.9126902387355463, 0.7164408743571931, 0.6938828054708414, 0.7783119160527239, 0.720918979888526, 0.6993900089979933], "acc": [0.5048, 0.5048, 0.5048, 0.5048, 0.4952, 0.4952, 0.4952, 0.5048, 0.5048, 0.4952]}