{"train_loss": [0.6404368518829345, 0.4694218214035034, 0.3861199979543686, 0.33655479283332823, 0.30228876979351044, 0.2717073238492012, 0.24681769101619722, 0.2243371440052986, 0.20327427645921708, 0.18513854722976686], "val_loss": [0.517455826709225, 0.4152193397853025, 0.38384643358409787, 0.34155448312592357, 0.3242986191799686, 0.3128020987389194, 0.3003024434208111, 0.29429901191952884, 0.28606960153693606, 0.2893594626313562], "acc": [0.79, 0.8418, 0.8456, 0.8628, 0.8718, 0.8776, 0.8844, 0.8844, 0.8878, 0.8834]}