{"train_loss": [0.5635259125709534, 0.40830427627563476, 0.36097883582115176, 0.3304992891073227, 0.300917075419426, 0.2691208588719368, 0.24626974325180054, 0.21979644236564636, 0.1990646516442299, 0.1706234147787094], "val_loss": [0.4529588769195945, 0.40062519907951355, 0.387384294134796, 0.3826100318485005, 0.3670952110343678, 0.37279387710580403, 0.3772212516540175, 0.37775045509930627, 0.3825317351206852, 0.36938169076564203], "acc": [0.8052, 0.8154, 0.832, 0.8248, 0.842, 0.8466, 0.8406, 0.843, 0.8408, 0.8552]}