{"train_loss": [0.6927177586555481, 0.6663345494270325, 0.5359091603755951, 0.47597948269844054, 0.4340409929275513, 0.39942177567481996, 0.37047238206863403, 0.3467042099237442, 0.3254701478481293, 0.3057611803293228], "val_loss": [0.6903209955828964, 0.5877527157971814, 0.509738622577327, 0.4656103384342922, 0.4394529702936768, 0.41501662628665853, 0.39929303754666806, 0.3847029162630154, 0.37497802059741536, 0.36261152604203317], "acc": [0.523, 0.762, 0.8168, 0.8288, 0.8368, 0.8468, 0.8506, 0.8552, 0.8568, 0.8616]}