{"train_loss": [0.5800412286937237, 0.3870522611618042, 0.286130831412971, 0.21766064207479358, 0.16544239933341742, 0.12259414752721787, 0.08861392634510994, 0.06166563466154039, 0.040301947537995875, 0.026046955760149284], "val_loss": [0.4717993669986725, 0.36503206313848496, 0.31960017469525337, 0.29907840657830237, 0.28818301775455474, 0.2886305371388793, 0.2843186858385801, 0.2826126531742513, 0.31227764543667436, 0.2972983030732721], "acc": [0.7872, 0.8552, 0.8712, 0.8792, 0.8788, 0.8792, 0.884, 0.8882, 0.8784, 0.8894]}