{"train_loss": [0.8975635150104762, 0.8829893938586116, 0.890972166287899, 0.8650609764099121, 0.8914354179810733, 0.869397769311443, 0.8819868772506714, 0.874943572485447, 0.8604684070006013, 0.8873302232921123], "val_loss": [0.7746113148212432, 0.6932624917984008, 0.7107061007499694, 1.690209740895033, 1.2018229183197022, 1.5624567212820053, 0.7382167461395264, 0.713284492778778, 0.9352174579620361, 0.9271981692314148], "acc": [0.4952, 0.505, 0.4952, 0.5048, 0.5048, 0.4952, 0.5048, 0.4952, 0.5048, 0.4952]}