{"train_loss": [1.0170880174785852, 1.0073018445897848, 0.973990943415463, 1.0593345548808575, 1.0301604026075453, 1.0207994610637425, 1.054987239839509, 0.9875356104850769, 1.041149897404015, 1.0054320556178689], "val_loss": [0.7735358300209045, 0.728176305770874, 0.7216989333629609, 1.7633430793046951, 0.9202448283672333, 0.6988286848068237, 1.1017436245441437, 0.6955098718643189, 1.3074903399467468, 0.7528370726585388], "acc": [0.5048, 0.4952, 0.4952, 0.5048, 0.5048, 0.4952, 0.4952, 0.5048, 0.5048, 0.5048]}