{"train_loss": [0.6233429938316345, 0.44975815185308454, 0.34713654143810274, 0.2772824066340923, 0.22390800987780093, 0.18064800904989242, 0.1445330040425062, 0.11320437652021646, 0.08799926154613495, 0.0667722147040069], "val_loss": [0.5248609885049704, 0.4285297544714742, 0.3640065009887226, 0.32784106256291506, 0.31861503776936484, 0.31462881992609737, 0.320818960404815, 0.28846739238491076, 0.2857204644491497, 0.292129477420554], "acc": [0.7538, 0.8176, 0.8472, 0.8656, 0.865, 0.8656, 0.8622, 0.8802, 0.8832, 0.8818]}