{"train_loss": [0.6233196862339974, 0.5418426660597324, 0.5035619015455246, 0.4694885980248451, 0.4423125917077064, 0.43683913863003254, 0.4229073006927967, 0.40807766439169646, 0.39180079292058945, 0.3721465674638748], "val_loss": [0.5674132902622223, 0.5442359610319137, 0.5369970583200455, 0.5556663886010647, 0.49636992774605754, 0.5194113693594933, 0.5069857436776162, 0.5828885390013456, 0.4842274184197187, 0.49779917382895944], "acc": [0.7032, 0.7206, 0.7374, 0.7128, 0.7564, 0.7556, 0.7578, 0.7362, 0.7704, 0.7744]}