{"train_loss": [0.9572578531026841, 0.8718470522403717, 0.8510841935157776, 0.8642208540678025, 0.8829727097272873, 0.8709465451002121, 0.919452742433548, 0.8879904607534409, 0.9066110193014145, 0.866877006983757], "val_loss": [0.8889252107364302, 0.7543333782174717, 0.9820882091506983, 0.7045565662673487, 1.2867543923969087, 1.1686964045983914, 0.7094744291549293, 0.6932811628515347, 0.8440855391109332, 1.4610028717750179], "acc": [0.4952, 0.5048, 0.4952, 0.4952, 0.4952, 0.4952, 0.4952, 0.5048, 0.5048, 0.5048]}