{"train_loss": [0.668310569858551, 0.5133107474327088, 0.4309423455238342, 0.3767542482852936, 0.33660740573406217, 0.30335301561355593, 0.27526485582590104, 0.25148904683589934, 0.2304750494003296, 0.21154226055145264], "val_loss": [0.5729888924367869, 0.4670092315430854, 0.4115931763770474, 0.3798599586744977, 0.35414089129608906, 0.33140206526798804, 0.3248568616665093, 0.31955624357530266, 0.3093121769321952, 0.30336938437762534], "acc": [0.7678, 0.8188, 0.8434, 0.8476, 0.8608, 0.872, 0.872, 0.8714, 0.8772, 0.879]}