{"train_loss": [0.7031711572647095, 0.604315347123146, 0.5150541635274887, 0.46309031240940096, 0.4201871466994286, 0.38734667840003967, 0.3590485212922096, 0.3357495539903641, 0.3125156195580959, 0.29160551297664644], "val_loss": [0.6876575135575316, 0.5512250876083923, 0.4977537533536125, 0.45292121314773925, 0.4214665507451414, 0.39796270744297835, 0.38339223019992963, 0.36904702733119077, 0.3582499639723248, 0.34964795351123656], "acc": [0.5266, 0.7572, 0.7802, 0.8088, 0.8322, 0.8444, 0.849, 0.8538, 0.8558, 0.8604]}