{"train_loss": [0.8476208321064711, 0.9032771106809377, 0.8935107676029206, 0.892087669479847, 0.9061484663516283, 0.9068722812116146, 0.9024443071514368, 0.8930402524232864, 0.9026308113783598, 0.9219744581341743], "val_loss": [0.7827961469650269, 0.6947318044662476, 1.2666602852225304, 0.827874060344696, 0.7260603820800782, 0.9193957538127899, 0.728002867603302, 0.8552007483005524, 0.762097708940506, 1.345957313466072], "acc": [0.5398, 0.4962, 0.4952, 0.5048, 0.5048, 0.4952, 0.4954, 0.505, 0.4956, 0.4952]}