{"train_loss": [0.5108732243776322, 0.3896367479264736, 0.3535536865592003, 0.3214408175975084, 0.29709440395534037, 0.271927907449007, 0.24771540332585573, 0.22351700696870686, 0.208429271119833, 0.18746230450570583], "val_loss": [0.42014944667633347, 0.40429412114163177, 0.4207617590745417, 0.39486988908804643, 0.4373019450007917, 0.383580057361065, 0.41033994094632303, 0.3937914836378143, 0.4117988346697995, 0.4111280333334074], "acc": [0.8114, 0.8164, 0.8118, 0.829, 0.8084, 0.8342, 0.8236, 0.8334, 0.8352, 0.8302]}