{"train_loss": [0.6486799723505974, 0.7336373239517212, 0.7318340429782867, 0.7248358725309372, 0.7272709460854531, 0.7330875805258751, 0.7314466792821884, 0.7319365622282028, 0.7314776095986366, 0.7321012439608574], "val_loss": [0.7386459506988525, 0.6941562101364136, 0.6931040731430054, 0.8143798453330994, 0.6985068319320679, 0.7235080456256866, 0.7014388858795166, 0.6982764873504639, 0.7392903740882873, 0.7259256598472595], "acc": [0.5048, 0.4952, 0.5048, 0.4952, 0.4952, 0.4952, 0.5048, 0.5048, 0.4952, 0.5048]}