{"train_loss": [0.5878966709017753, 0.3944693129658699, 0.2952420474946499, 0.22928729532063008, 0.17548789859712124, 0.13166226433962583, 0.09464948758929968, 0.06699831075593829, 0.04383214084878564, 0.02842650531642139], "val_loss": [0.46788781452864503, 0.37519366270341814, 0.3218705076188706, 0.30093324850923336, 0.2865514522210097, 0.282149585457846, 0.2753272951244356, 0.2787627622056693, 0.2828023574157312, 0.3109631656517331], "acc": [0.8018, 0.8412, 0.8708, 0.8746, 0.8844, 0.8868, 0.8914, 0.8886, 0.89, 0.8818]}