{"train_loss": [0.5018603964805604, 0.4955564265012741, 0.5176259685516358, 0.4859489218711853, 0.4455842274188995, 0.43939471442699435, 0.4275665369272232, 0.4222375099420547, 0.41828188004493716, 0.41931658527851107], "val_loss": [0.4303890210428056, 0.6171313112328767, 0.4958864175210333, 0.45922896550719144, 0.49488071508847986, 0.4708901503283507, 0.4702668659816122, 0.5015379767509023, 0.4499175894981737, 0.45869824603484693], "acc": [0.8078, 0.7116, 0.7758, 0.7818, 0.7572, 0.782, 0.7872, 0.7642, 0.794, 0.7832]}