{"train_loss": [0.6966161323428154, 0.5926899957060814, 0.49329552396535875, 0.4309672963738441, 0.3827991593837738, 0.34338159074783325, 0.3101341802030802, 0.2827707489311695, 0.25832970840781927, 0.2352465124770999], "val_loss": [0.6831085799217224, 0.5390170178413392, 0.46845541388988493, 0.4224440813779831, 0.4053252279281616, 0.36960696858167646, 0.3599325926780701, 0.346926602435112, 0.3425277224779129, 0.3441442321062088], "acc": [0.572, 0.78, 0.8178, 0.8346, 0.8322, 0.8554, 0.858, 0.8618, 0.8616, 0.8606]}