{"train_loss": [0.4971632273197174, 0.3352177996456623, 0.2751150397479534, 0.23346103020608425, 0.19882976706027986, 0.16941647665351628, 0.14334774748682977, 0.1197732109978795, 0.09894578078016639, 0.08043331928290427], "val_loss": [0.3891130104518165, 0.3544716454161623, 0.3126829207633821, 0.2995217102356612, 0.29951500501067113, 0.2867520655782078, 0.287209219331987, 0.28860704265772913, 0.29518749220326496, 0.2966104414813911], "acc": [0.8356, 0.8504, 0.8732, 0.8796, 0.881, 0.8854, 0.886, 0.8854, 0.884, 0.8848]}