{"train_loss": [0.410785638654232, 0.261358731508255, 0.17828871237039565, 0.10568251587599516, 0.05075645079761743, 0.01917734562829137, 0.005876441789604723, 0.0023782899997197094, 0.0013390524671413003, 0.0008528109283884987], "val_loss": [0.32815148102439895, 0.3599305259668903, 0.3141319984273546, 0.35993218070762173, 0.4330832629826418, 0.432025514875248, 0.4493987901954894, 0.4753310366231165, 0.49428466987458003, 0.5133497747978207], "acc": [0.8608, 0.8512, 0.8702, 0.8744, 0.8584, 0.87, 0.8718, 0.8736, 0.8724, 0.874]}