{"train_loss": [0.39797607575058935, 0.26663305763751266, 0.18106365640163422, 0.10581829152330756, 0.04858270452020224, 0.01783861108769197, 0.012182157061206816, 0.021803692207467976, 0.01168648511238025, 0.0029322254195252983], "val_loss": [0.3278636028186772, 0.33391893733019073, 0.35065053138411795, 0.42647680472999144, 0.457681595712317, 0.5152618803080922, 0.661845751011524, 0.7650362239231336, 0.7700982101928958, 0.8538517527181444], "acc": [0.857, 0.8618, 0.8632, 0.8602, 0.8622, 0.8648, 0.8526, 0.8528, 0.8572, 0.8558]}