{"train_loss": [4.850058553840657, 5.846064340694329, 7.276772139170494, 7.299579834213628, 7.850703560212003, 7.129993767549249, 7.737396238544162, 8.082785535790281, 7.672275651868378, 7.739590627418748], "val_loss": [3.1360748983249236, 5.673241896433605, 7.679320097525517, 9.99566455648467, 16.566233603762488, 24.50460236052707, 31.670319947683275, 53.85252741847397, 75.91487773891517, 95.98051386806665], "acc": [0.8272, 0.8298, 0.8202, 0.8422, 0.832, 0.836, 0.849, 0.8304, 0.8414, 0.8464]}