{"train_loss": [1.9471830017946865, 2.3886676705322847, 3.1167827280578706, 2.87942664537495, 3.1685562042578477, 2.7022900540262005, 3.0686957174391916, 3.3575861614850466, 2.7937808560362867, 2.6806081630283503], "val_loss": [1.7527349669359455, 3.208645194387278, 4.195534302591221, 9.500417988661562, 8.137358090039363, 10.33138310475344, 17.94144990934476, 23.554168024311384, 30.691569131530226, 42.47393967104785], "acc": [0.8238, 0.8026, 0.7928, 0.808, 0.8396, 0.8454, 0.8402, 0.8522, 0.8486, 0.8516]}