{"train_loss": [1.4632795131132699, 1.4882303316892438, 1.7202609266323918, 1.7159939318695965, 1.9607735238530148, 2.1283064052620917, 2.2012956932587513, 2.358797932452557, 2.6538936988039104, 2.6363944225990026], "val_loss": [1.1105632416257052, 1.0805234700208326, 1.7042671302953223, 1.6853681651106904, 2.8383412434829367, 2.7530795650357565, 4.704488948276355, 9.319656628552018, 10.41021166998899, 16.85591028851164], "acc": [0.783, 0.811, 0.7898, 0.8162, 0.8278, 0.8208, 0.8132, 0.7976, 0.8246, 0.8198]}