{"train_loss": [0.4583516175210476, 0.3063614944547415, 0.24653732549399138, 0.20235952372960747, 0.16530715253911912, 0.1332217726899311, 0.1045182589814067, 0.0802202302796999, 0.058630710114049724, 0.04141439475575462], "val_loss": [0.37583174927234647, 0.325548967730999, 0.30792112106382846, 0.30706540744006633, 0.29892149609029295, 0.301405362278223, 0.30336736120581625, 0.31306762939691546, 0.3243006400924176, 0.3387558815632015], "acc": [0.8384, 0.8658, 0.8728, 0.8756, 0.8792, 0.8814, 0.8824, 0.881, 0.879, 0.8796]}