{"train_loss": [1.1321499665379524, 1.4336790573412552, 1.9600457790279608, 1.5358733766464545, 2.1482295550754773, 1.8827773582731606, 1.3898590987327453, 1.6379006726243683, 1.5587091908315573, 1.881923754432099], "val_loss": [1.8150642931840981, 2.6055042041335135, 2.654084863887434, 3.6240317303521237, 8.6115662573509, 10.063420622757855, 13.284408418615913, 26.3341857398961, 22.642196711461256, 67.08145310772453], "acc": [0.7346, 0.7578, 0.8496, 0.8496, 0.8284, 0.8532, 0.8528, 0.8212, 0.8638, 0.7846]}