{"train_loss": [3.0269501175577114, 4.60358536446377, 4.121710895085023, 5.338448450205053, 5.008550154640255, 4.780312708211188, 4.70139970782144, 4.733473393955689, 5.159212458837981, 4.289047582183986], "val_loss": [8.661067582166995, 2.929402521070313, 5.238689528558885, 8.941008035624016, 27.972976168824047, 25.802203354856278, 47.198535426201694, 90.45034373655331, 65.59599072123304, 76.76579106901711], "acc": [0.673, 0.8524, 0.8442, 0.8512, 0.7762, 0.849, 0.8318, 0.7956, 0.8472, 0.8476]}