{"train_loss": [0.37808347976207735, 0.23861071370244027, 0.153121960785985, 0.07390603349357844, 0.02562420600280166, 0.006746572550199926, 0.001973227657750249, 0.0009665295540355146, 0.0006207688465714455, 0.00042426834038924424], "val_loss": [0.30897420440699647, 0.30912484062515244, 0.3827803765370208, 0.3887314704857814, 0.41183824307481004, 0.4462235167290375, 0.46619754349872183, 0.48365367954644334, 0.49734136804190887, 0.5117222820260342], "acc": [0.8728, 0.8712, 0.8594, 0.8718, 0.8742, 0.8756, 0.8772, 0.8778, 0.879, 0.88]}