{"train_loss": [0.40199166327230634, 0.2713889018625021, 0.1863223583543091, 0.11353996636780066, 0.05595426784742958, 0.0365315654035614, 0.02342592967555271, 0.022491687747986426, 0.021860496985764873, 0.01623798404925984], "val_loss": [0.3742871096432209, 0.32301317799240353, 0.3805063421888277, 0.47502611833735137, 0.5767846802585292, 0.6905414679088208, 0.7646264340520588, 0.9515928019808203, 1.0847095873949817, 1.135562621968818], "acc": [0.8362, 0.8694, 0.859, 0.8612, 0.8502, 0.8594, 0.8662, 0.8596, 0.8616, 0.8646]}