{"train_loss": [7.744538693950722, 10.959962663716388, 11.404941142768486, 12.498909052574593, 11.379669090447242, 12.574526207116788, 11.595228233791833, 11.302798783574895, 11.101665404485152, 10.594265762674402], "val_loss": [11.784845484116403, 13.49727596205122, 13.767960617123366, 25.033641921166204, 31.50308712158333, 67.28030901636549, 67.2834211566992, 88.29609000031539, 118.42768701499813, 152.27505375739287], "acc": [0.753, 0.8378, 0.8536, 0.8302, 0.8494, 0.8118, 0.8502, 0.854, 0.8608, 0.8504]}