{"train_loss": [0.8238794110581279, 0.8361486827003304, 0.7959467298537857, 0.9504076597127867, 0.8335876240577939, 1.1450172000039969, 0.9343934673240321, 1.2340099456295932, 1.1396697537364726, 1.000989525588599], "val_loss": [0.6627630101317487, 1.234899306592469, 0.8219252118274823, 1.0975052122537718, 2.2809514297940257, 2.5812633304862924, 4.571682893946348, 6.356680165410463, 8.94279959308035, 15.832860774154211], "acc": [0.8108, 0.7558, 0.8328, 0.823, 0.8268, 0.8366, 0.8328, 0.8244, 0.832, 0.8262]}