{"train_loss": [0.593598352766037, 0.45219032220840455, 0.3839792613744736, 0.34095877957344056, 0.3065018949985504, 0.2789525743842125, 0.25577070336341856, 0.23588851550817488, 0.21766942718029023, 0.20109965180158615], "val_loss": [0.5036143383402734, 0.4246003257620866, 0.3821624123556599, 0.35697966031018336, 0.3395439640257009, 0.3274837130099345, 0.31859029535275357, 0.31190417970346795, 0.30764611725025115, 0.3047068236265213], "acc": [0.7774, 0.8112, 0.8376, 0.8512, 0.8592, 0.8654, 0.8682, 0.872, 0.8758, 0.8764]}