{"train_loss": [0.38863832995891573, 0.23635641809701918, 0.1522595595061779, 0.0724788007453084, 0.025277594452723862, 0.007221786099486053, 0.0021756378058111294, 0.0011134123601019383, 0.0007112889032810926, 0.00048094414493534717], "val_loss": [0.3056563504609712, 0.3665830405179862, 0.3211995449842541, 0.3628768867985078, 0.396705756307977, 0.42697355350491345, 0.4516979246726556, 0.4681041539664481, 0.4844113432885308, 0.5015556422495253], "acc": [0.8724, 0.8514, 0.8802, 0.8778, 0.8784, 0.8814, 0.8818, 0.8836, 0.8828, 0.8834]}