{"train_loss": [0.3797478505373001, 0.2362682099342346, 0.1512127430677414, 0.07196439607590437, 0.023658823770657183, 0.00663669341718778, 0.0021640078431926666, 0.00115594822592102, 0.0007465563208330423, 0.0005016894336324185], "val_loss": [0.31655359813931644, 0.31424579660224305, 0.42605362139689695, 0.3849488649232562, 0.4181470603854128, 0.44739201174348975, 0.47232609266373715, 0.48983524050741534, 0.5116252816596608, 0.5281476783269577], "acc": [0.8672, 0.8742, 0.8484, 0.8756, 0.8742, 0.8748, 0.8786, 0.876, 0.8776, 0.8766]}