{"train_loss": [0.4397509487956762, 0.28747642143443225, 0.22469830603376031, 0.17989177048131824, 0.14051383713986726, 0.10646885558543727, 0.07858398662023246, 0.05363582708872855, 0.03525527730344329, 0.02209706950041582], "val_loss": [0.35549380615949633, 0.3112377555012703, 0.297736320720613, 0.29303353912606833, 0.2927471602357924, 0.2966853613473475, 0.3085574235007167, 0.31725556634347885, 0.33436422273647043, 0.3532100888145622], "acc": [0.8462, 0.8716, 0.8804, 0.882, 0.8822, 0.8844, 0.883, 0.882, 0.881, 0.885]}