{"train_loss": [0.5005010264217854, 0.35289174612760543, 0.2932636014223099, 0.2541448190510273, 0.2225991814274341, 0.19476632043067366, 0.17007446604669094, 0.14748302213922143, 0.12666486430466176, 0.10695550678037107], "val_loss": [0.4044838908672333, 0.3455558433651924, 0.32537864189147947, 0.312030526098609, 0.3055896427094936, 0.30208326708972455, 0.2984116251260042, 0.302999907104671, 0.30561706683784723, 0.31029149661660194], "acc": [0.826, 0.8534, 0.8654, 0.8674, 0.8698, 0.8734, 0.8772, 0.8754, 0.8734, 0.8766]}