{"train_loss": [0.4013767826832831, 0.28707601198805494, 0.19761909555907187, 0.1242667131904127, 0.07348102908143976, 0.05622788303634006, 0.05078374726063689, 0.052516763817286406, 0.036582430001317036, 0.030402273524676036], "val_loss": [0.3431951660588384, 0.3525245917543769, 0.4024485269509256, 0.58696802897983, 0.6967414350666659, 0.7864150970798124, 1.0163425430474229, 1.2237043968078598, 1.4200195740181802, 1.4786601031197728], "acc": [0.8578, 0.8648, 0.8728, 0.8526, 0.859, 0.8658, 0.8642, 0.8608, 0.8566, 0.8662]}