{"train_loss": [0.443897970315814, 0.2902926063839346, 0.23052864843830467, 0.18451584177259356, 0.14322646955624221, 0.10987416013590992, 0.08007766715176404, 0.0570233262210153, 0.03755930922259577, 0.023572268816141877], "val_loss": [0.36505939690470696, 0.3129744932562113, 0.30019021082520486, 0.2983571727395058, 0.2870599440857768, 0.2978778264544904, 0.30680966539531945, 0.3133603495486081, 0.3272916183749214, 0.34849871621616185], "acc": [0.8414, 0.8724, 0.876, 0.8808, 0.8902, 0.8866, 0.8854, 0.886, 0.8854, 0.8882]}