{"train_loss": [0.5879389403820038, 0.44110956015586855, 0.3689403599023819, 0.3284815975666046, 0.29861672184467314, 0.2739417763829231, 0.252754745388031, 0.23410810027122497, 0.2166484277844429, 0.20031789091825486], "val_loss": [0.4995456877028107, 0.41360606234164754, 0.37859372880048814, 0.35679519679515986, 0.34161888176848176, 0.3317679545492124, 0.3222519998337812, 0.31841167968929196, 0.31718994558426983, 0.30893209227805685], "acc": [0.7788, 0.816, 0.832, 0.8464, 0.8538, 0.8588, 0.8622, 0.8658, 0.8666, 0.869]}