{"train_loss": [0.4622169172078371, 0.3081536237798631, 0.24610117918252944, 0.20043512594699858, 0.1634789212744683, 0.13032696958333254, 0.10217618012775201, 0.07687892999253236, 0.0565133867575787, 0.03984750930647133], "val_loss": [0.36883573564291, 0.3206313215374947, 0.30559931281805036, 0.29424086617082357, 0.2937507864266634, 0.2967935743071139, 0.2980395146645606, 0.3296844880953431, 0.319146027144976, 0.3308386693187058], "acc": [0.8444, 0.8682, 0.8746, 0.8794, 0.879, 0.883, 0.8834, 0.877, 0.8804, 0.879]}