{"train_loss": [0.39528255643546584, 0.2673879831686616, 0.16786893055234103, 0.08890729966880753, 0.04062654180679238, 0.030645637419226112, 0.03653076066537851, 0.04251804247262835, 0.024356539674550395, 0.026594018522814792], "val_loss": [0.3186458990858576, 0.3536664682050673, 0.3761427959385581, 0.4720756735187024, 0.568457589350855, 0.6893496008905263, 1.2484449861209859, 1.0662809910534243, 1.0306594664299378, 1.149544841591868], "acc": [0.8684, 0.862, 0.8738, 0.8686, 0.865, 0.8672, 0.8186, 0.8564, 0.868, 0.8646]}