{"train_loss": [0.39823890934586526, 0.2670869447410107, 0.1809619943894446, 0.10311402045628056, 0.050529844823339956, 0.01789496164264856, 0.009772254486926249, 0.008321060151791607, 0.019654382178117522, 0.010396834379746542], "val_loss": [0.3550123455234991, 0.3300103796199678, 0.3398850532159352, 0.3895990671619725, 0.5057395636189592, 0.5690386261539564, 0.6094367899411259, 0.6886926427066621, 0.7962709598745301, 0.8616767111905708], "acc": [0.8466, 0.8598, 0.8728, 0.8696, 0.8534, 0.8584, 0.8636, 0.86, 0.8604, 0.8614]}