{"train_loss": [1.215197945022583, 1.5458057209792546, 1.6041235679527746, 1.9108987941667395, 1.8460839673846363, 1.8594350113743792, 2.4377320391293567, 1.5678960902507517, 1.5570815028269138, 1.6297636180804507], "val_loss": [0.8153378777042815, 2.3613647821887285, 3.9333793267512775, 6.334318736474664, 10.337478667473906, 9.919666999370342, 26.982748646645028, 18.82286410043194, 24.355723328651138, 33.92204113304615], "acc": [0.8434, 0.8336, 0.8294, 0.8134, 0.826, 0.8516, 0.8044, 0.8594, 0.856, 0.856]}