{"train_loss": [0.38770265830755235, 0.2523260153051466, 0.1621018894482404, 0.08180683109769597, 0.043727999254182214, 0.02239463587452192, 0.027319812866902795, 0.025351496006824892, 0.017438092857847642, 0.018526926468637656], "val_loss": [0.32767878644192183, 0.3872514223834625, 0.38542275516964947, 0.454922015178419, 0.5269445426309832, 0.610117095604036, 0.8634762351231734, 0.9219287180575355, 1.0597287668961057, 1.026322335030377], "acc": [0.8604, 0.8458, 0.8624, 0.8634, 0.8684, 0.8708, 0.8468, 0.8588, 0.8516, 0.863]}