{"train_loss": [0.5440043069243431, 0.3879237783074379, 0.3290140731275082, 0.29057667253613473, 0.26090337011218073, 0.23591367024183274, 0.21274688534140587, 0.19278570901751518, 0.17312668504714965, 0.15593242104500532], "val_loss": [0.43619934395669746, 0.3711530739030899, 0.34091308922432484, 0.3346776750426704, 0.3148628692633618, 0.30795768097328685, 0.30874040815681697, 0.3046801715208509, 0.30453822545159737, 0.3035190976537264], "acc": [0.8114, 0.8422, 0.8576, 0.8596, 0.8708, 0.8732, 0.8728, 0.8764, 0.8742, 0.8762]}