{"train_loss": [0.5295943063735962, 0.3745826358795166, 0.31317994315624237, 0.27331681027412413, 0.24234354531764984, 0.2159753561258316, 0.19334998589754104, 0.1719837983071804, 0.15280623556375503, 0.13475774471759797], "val_loss": [0.42779094645172167, 0.3615854810567419, 0.3304414154997297, 0.3147431373786015, 0.30431681320925424, 0.29701353652272255, 0.292353369343053, 0.29067439476775514, 0.2898937184719523, 0.2877082144663592], "acc": [0.8178, 0.8486, 0.8658, 0.8684, 0.8742, 0.8806, 0.8796, 0.8806, 0.8824, 0.8818]}