{"train_loss": [0.5123088735103607, 0.3525219112634659, 0.29220897104740146, 0.2521248439669609, 0.22136115901470185, 0.1937772892355919, 0.16953101352453231, 0.14787701300978662, 0.1281500172138214, 0.11044861443340778], "val_loss": [0.4150435977680668, 0.34573919976213174, 0.3226261885397753, 0.30801564960437977, 0.2991186122700667, 0.29756446035614437, 0.2936673539981341, 0.2902397024830815, 0.2901888908640404, 0.2921750627363184], "acc": [0.8234, 0.8596, 0.8676, 0.874, 0.8802, 0.8802, 0.8838, 0.8842, 0.8872, 0.889]}