{"train_loss": [0.4132965756997466, 0.29813466025835367, 0.21891829679301736, 0.13975427057948292, 0.09960691353411057, 0.08586302146669736, 0.06019702477813487, 0.048055582321168085, 0.059644488351974334, 0.047235401134588774], "val_loss": [0.3161917624399066, 0.35885509326905013, 0.4801643924040254, 0.8994230279493917, 0.7514360827174987, 1.2291256162196063, 1.0728616616117117, 1.9711032157356436, 1.9847264457030658, 1.7527421151021165], "acc": [0.872, 0.8728, 0.8592, 0.8124, 0.8634, 0.8336, 0.8598, 0.8194, 0.8382, 0.8534]}