{"train_loss": [0.7962121916413307, 0.9910570660680532, 1.0367258701516315, 1.1672029408236402, 1.0918909245668353, 0.8851673565608053, 1.1237506255200767, 1.5627819110431813, 1.6450926337731813, 1.364720961352566], "val_loss": [0.5314593907374485, 1.6464296798607347, 1.853155714810817, 2.4944952048905513, 3.7521971891260435, 5.4017079946151965, 13.0956511469024, 14.140867283057634, 17.82661093588752, 24.70772338217231], "acc": [0.8364, 0.732, 0.8388, 0.8462, 0.8406, 0.8454, 0.8248, 0.852, 0.8572, 0.8352]}