{"train_loss": [0.5499415673017501, 0.3868975267648697, 0.32600516893267634, 0.28782567877173426, 0.25717557577192784, 0.2316355139553547, 0.208396693508327, 0.18772118589580059, 0.1689447502538562, 0.15072490467950703], "val_loss": [0.44455619599110785, 0.3782057319395839, 0.3505578040838622, 0.33430053845952495, 0.32565914053981676, 0.3235851610049653, 0.3137925231156829, 0.3114277352207004, 0.3093192518685763, 0.3113541064647059], "acc": [0.8026, 0.832, 0.8496, 0.8568, 0.8602, 0.8626, 0.8716, 0.8726, 0.873, 0.8722]}