{"train_loss": [2.8900871924910234, 5.146329886341249, 4.416966539929001, 4.655495504294558, 4.488112029867698, 4.623295196475724, 4.666076861968012, 4.652283986937862, 4.060859421365628, 3.895417817439632], "val_loss": [3.766826932304503, 3.9966612764271807, 6.206408891281035, 8.510330833640362, 14.825595070890769, 25.039527270204676, 29.520264607934106, 45.12091631659625, 52.21297047566167, 73.4183151338519], "acc": [0.7576, 0.842, 0.857, 0.8484, 0.8448, 0.8432, 0.8546, 0.8534, 0.8608, 0.8518]}