{"train_loss": [7.4236083597678615, 10.597196986082235, 11.531248943351963, 12.84658711578013, 11.646155156057794, 11.526380718756966, 12.271323976994617, 11.435793568625865, 11.423100567204184, 12.245222984227903], "val_loss": [5.967513058827912, 8.187655544822322, 12.95590415362225, 24.081796307040968, 34.31558206190262, 47.6706384733541, 72.60185986355319, 85.89215888846815, 172.40366550005214, 154.6519623227807], "acc": [0.8192, 0.8304, 0.8566, 0.847, 0.8324, 0.8434, 0.8388, 0.8592, 0.8086, 0.854]}