{"train_loss": [0.545922610783577, 0.570497937361896, 0.43775488023012876, 0.46211736341118814, 0.5065580010011792, 0.45183116571518456, 0.5430075359882003, 0.6791146111159917, 0.39110831596116497, 0.556807527304448], "val_loss": [0.606841098825643, 0.4026527662945401, 0.6279505829380196, 1.317567008363593, 2.1968089064500136, 2.2393963509179935, 3.7329609367972725, 4.8654583446610316, 5.029616183166802, 10.075573953846103], "acc": [0.8088, 0.838, 0.8398, 0.8234, 0.7948, 0.8408, 0.8404, 0.8362, 0.8448, 0.8494]}