{"train_loss": [1.447319334393974, 1.508902286205461, 1.75834908337491, 1.9892936044544134, 1.9897852733347638, 2.1896351091355934, 2.4071765697842955, 2.4883147814559723, 2.5831613245523695, 3.0302947234784727], "val_loss": [1.1824509848002198, 2.7421398202583203, 1.157251111890396, 4.875078460721419, 2.8405159735299743, 5.240945170666264, 8.574069591829128, 10.086198882801785, 11.159731839183756, 16.65611587058703], "acc": [0.7928, 0.6544, 0.7944, 0.6718, 0.7948, 0.7786, 0.8034, 0.8176, 0.83, 0.8302]}