{"train_loss": [0.3840705482929945, 0.25219571077525615, 0.1648246976684779, 0.07564725283598528, 0.036673409619706214, 0.035893559325044046, 0.028140734836174488, 0.025159402777196648, 0.017515596720895043, 0.028141779907259034], "val_loss": [0.3433573057000249, 0.32458031776185614, 0.5615126567940337, 0.4115922418274223, 0.5467116154225233, 0.6586369197662606, 0.7620407611450788, 0.8207175844870976, 0.9652370074978919, 1.0583215630078049], "acc": [0.8536, 0.8704, 0.8202, 0.8736, 0.8658, 0.86, 0.8692, 0.8656, 0.8674, 0.8708]}