{"train_loss": [1.8629408019849303, 2.371565613324518, 2.997517301756222, 2.8222209144323993, 3.0793714088333513, 3.112034566661099, 3.3602864663944287, 3.615802180537653, 3.0140516688580727, 3.0741807773008984], "val_loss": [1.40194284581946, 8.857496200512388, 4.429802795931837, 4.451777114349286, 7.304784846028377, 12.32143407552808, 27.21611840620666, 26.64034588384023, 48.217443051788585, 60.30404762914196], "acc": [0.765, 0.5788, 0.813, 0.833, 0.8498, 0.8542, 0.8184, 0.8518, 0.8234, 0.8396]}