{"train_loss": [0.7561283709708602, 0.8128691033338662, 1.0356562190807352, 0.7936606868511306, 0.8190475492980814, 0.9563758329451679, 1.0804490821176869, 1.1994032074502754, 1.1446309688262184, 1.2537664139625262], "val_loss": [0.8827797477676596, 0.6112221694959048, 0.6634424214724439, 1.5211785765062662, 1.7617767350681814, 2.5552051014212336, 5.462887740920496, 6.212422843690937, 9.8040782508416, 11.343182392664236], "acc": [0.7438, 0.8062, 0.8138, 0.7722, 0.8314, 0.8154, 0.82, 0.8326, 0.82, 0.8372]}