{"train_loss": [0.4709091430902481, 0.31452963228225705, 0.2549392624169588, 0.2133243253916502, 0.17674458464831114, 0.14563681860119104, 0.11912455750256777, 0.09498068176582455, 0.07390653812922537, 0.056181703394651415], "val_loss": [0.37007288649059333, 0.3218402577617679, 0.29905670956253244, 0.29122676393284963, 0.2943935456295935, 0.28658250879984315, 0.29297863720014644, 0.2977320065918251, 0.297596537921661, 0.30269643200186497], "acc": [0.8466, 0.8648, 0.8784, 0.8836, 0.8808, 0.8834, 0.8806, 0.8804, 0.8804, 0.881]}