{"train_loss": [0.5263380438327789, 0.375001203083992, 0.3121131104230881, 0.2721947637796402, 0.24157141709923743, 0.21528094568252565, 0.19266308733224868, 0.17140739837884902, 0.15310575513243677, 0.13516445080041886], "val_loss": [0.42416014659936263, 0.36000692521690564, 0.32998981008863754, 0.3134564368208502, 0.30298473861566777, 0.2962623273680924, 0.2924033470784023, 0.2917594355382737, 0.28960294883911775, 0.2948774260700129], "acc": [0.8196, 0.8492, 0.8614, 0.8716, 0.8782, 0.8792, 0.882, 0.8828, 0.884, 0.8838]}