{"train_loss": [0.4986057273030281, 0.3443986514925957, 0.29106541268229486, 0.2541782732695341, 0.22259178133681418, 0.19478588115423917, 0.17030066535659136, 0.1475600584704429, 0.12607699256967753, 0.10692394753638655], "val_loss": [0.3929761672973633, 0.34126470539569853, 0.32869764191508294, 0.31138057345449927, 0.30581265886723996, 0.30251025342941285, 0.30185255565792324, 0.305534751971066, 0.3130307881951332, 0.31564597431868313], "acc": [0.8326, 0.8618, 0.8612, 0.8728, 0.8778, 0.8796, 0.8802, 0.8784, 0.878, 0.8778]}