{"train_loss": [0.4902224445939064, 0.3354130020081997, 0.2760131342113018, 0.23606796119213105, 0.20328915054500102, 0.17492105761021376, 0.14919999465942382, 0.1257205159842968, 0.10471112285107374, 0.08615342340618372], "val_loss": [0.38873192044302296, 0.3334869721446174, 0.31275121479655227, 0.30292772877806673, 0.2947201883545318, 0.2918925003978772, 0.29165188439737877, 0.29586950981150417, 0.2980340400014442, 0.30129716830393566], "acc": [0.8342, 0.8578, 0.8712, 0.8756, 0.8802, 0.884, 0.8822, 0.8788, 0.8826, 0.8836]}