{"train_loss": [0.4132524667978287, 0.26091427044272425, 0.18331414710879326, 0.10874933214187622, 0.05261063286140561, 0.02129394446928054, 0.006620730769261718, 0.0025539529697969554, 0.0013749757974408567, 0.0008668668574420735], "val_loss": [0.3496857410308662, 0.3047803875509721, 0.3113583015503397, 0.3395104961125714, 0.3864009615247417, 0.41777355664047844, 0.4673537259719744, 0.4711680167894455, 0.49330797351327293, 0.513670803480752], "acc": [0.8478, 0.874, 0.8756, 0.8756, 0.8748, 0.8754, 0.8688, 0.8796, 0.8772, 0.8786]}