{"train_loss": [0.5121445869445801, 0.35340188772678377, 0.29203941407203676, 0.25147166520357134, 0.21998465424776079, 0.1926144131243229, 0.1689033524632454, 0.1469215939760208, 0.12584759697914125, 0.10885680657029152], "val_loss": [0.4088093782686124, 0.3538045643051718, 0.3191018344205656, 0.31253058178599474, 0.296587831465302, 0.2947092302570677, 0.29215051024962385, 0.2868758748006669, 0.29530829243409407, 0.2912920537363192], "acc": [0.8328, 0.8492, 0.8652, 0.8714, 0.8772, 0.8762, 0.8768, 0.882, 0.8814, 0.8796]}