{"train_loss": [4.62546976165242, 6.024957053442337, 6.133146428408064, 7.181515048241472, 7.073312322910616, 7.228433384094889, 7.514627622931427, 7.543024044561898, 7.28150578140289, 7.875358252725104], "val_loss": [6.660287463285114, 5.7436424834259565, 6.193230726835634, 10.421387021867902, 13.11212246620902, 26.681250708057593, 31.35758861863166, 40.45457679502429, 85.5316452540988, 78.21783888794779], "acc": [0.7704, 0.823, 0.8332, 0.8368, 0.844, 0.8366, 0.8536, 0.8524, 0.8358, 0.8562]}