{"train_loss": [0.7877520356297493, 1.0722480513632298, 0.9536346281753852, 1.3335730392333776, 1.0741826134781558, 1.413949004305188, 1.3803500476805748, 1.0172619219982781, 1.0585151654883416, 1.2898723418280689], "val_loss": [0.43011698003407495, 1.2705005988431204, 1.1674663978005955, 4.760799473637988, 4.692792268576706, 10.992845118994925, 7.720114777422255, 11.561792292792326, 15.678362010580718, 24.235960037844954], "acc": [0.85, 0.834, 0.8516, 0.7774, 0.836, 0.8066, 0.8454, 0.8474, 0.8464, 0.838]}