{"train_loss": [0.4075428435698152, 0.2878003814171534, 0.19992846762940752, 0.125642043387386, 0.07934220573049361, 0.062454508709963365, 0.05036942127532093, 0.0468824644235905, 0.03821890910357404, 0.02761395650553605], "val_loss": [0.3769986045256257, 0.3542831707499921, 0.4158404794438742, 0.5060661305864429, 0.7749283981534951, 0.7958367777619099, 1.045865383072334, 1.2365986400230777, 1.2989417675029282, 1.4250463552145982], "acc": [0.849, 0.8692, 0.8678, 0.8676, 0.8448, 0.8682, 0.8594, 0.851, 0.8618, 0.8648]}