{"train_loss": [0.47708866192102434, 0.3182107105731964, 0.25889793643057346, 0.2150871211886406, 0.17933271637260914, 0.14809278821349145, 0.1207912877470255, 0.09719190358445048, 0.07503312333375216, 0.05821890104152262], "val_loss": [0.380305285318591, 0.3324709900747092, 0.30677292194848244, 0.3017214968586311, 0.29517998290471376, 0.2966364217451967, 0.29870189158037636, 0.30123368104973347, 0.3082840505439919, 0.316079513333476], "acc": [0.838, 0.8602, 0.8738, 0.8772, 0.8796, 0.882, 0.885, 0.8844, 0.8866, 0.8834]}