{"train_loss": [0.4286391959477216, 0.299367977310298, 0.22071531062363356, 0.1325936585624964, 0.10110051306035593, 0.07852904252258666, 0.05214876297617839, 0.06769085274493268, 0.04833921642965235, 0.04183673441556421], "val_loss": [0.35789036288782955, 0.7899849008039804, 0.6966720585972304, 0.626451031845955, 0.7655954415879138, 0.9383235637509242, 1.0669864531102875, 1.3119848932486708, 1.4311592994587679, 1.8540218928133632], "acc": [0.8522, 0.7614, 0.8218, 0.8514, 0.8664, 0.8538, 0.8594, 0.8612, 0.8668, 0.8532]}