{"train_loss": [0.38307019526958463, 0.2407141703546047, 0.14420425878465176, 0.06685478215664625, 0.021537805931270124, 0.006009063128568232, 0.0019066633174195885, 0.0016604359635850414, 0.0016803449231898413, 0.015820166500593768], "val_loss": [0.5029779023425595, 0.36846860958512423, 0.32948845672379634, 0.38567233812894414, 0.4249053711418632, 0.4449170516495397, 0.46515280565329986, 0.48224313808664393, 0.5180653599105705, 0.813194515812359], "acc": [0.781, 0.8524, 0.8822, 0.8782, 0.876, 0.8812, 0.8806, 0.8818, 0.8806, 0.8472]}