{"train_loss": [0.39018176207393407, 0.27538885741308333, 0.17900706700873562, 0.1099287916638219, 0.05866711025832119, 0.037226119849915244, 0.02448040657271082, 0.0241370407376178, 0.01963361430041947, 0.02152793038766856], "val_loss": [0.341146928358078, 0.32974465736150743, 0.5168154376766645, 0.5089892134478315, 0.6021475590222806, 0.7202438379004987, 0.9619359831117891, 1.0540242025260642, 1.0663856761482415, 1.345626422620758], "acc": [0.8532, 0.8692, 0.8358, 0.849, 0.853, 0.8538, 0.8422, 0.8468, 0.8556, 0.8478]}