{"train_loss": [0.39090852389633657, 0.25845336765274407, 0.15799580912496894, 0.08953151105749421, 0.05396034541718545, 0.04005790111862152, 0.040044703414668766, 0.027085792738093233, 0.030981249685597505, 0.029051318077312545], "val_loss": [0.3424427701880376, 0.3439353455881627, 0.3629278274663626, 0.46536295832441255, 0.591942609250605, 0.6634305982903307, 0.7928001791046867, 1.047880818215917, 1.027554106115917, 1.1129601613206301], "acc": [0.8604, 0.8662, 0.8774, 0.8706, 0.8604, 0.8744, 0.8646, 0.8432, 0.87, 0.868]}