{"train_loss": [0.5791921979665756, 0.4649933004319668, 0.4851268813997507, 0.4938246552499477, 0.4879827524853812, 0.5202921216246027, 0.5295164027062108, 0.5308640328939495, 0.49775077158777803, 0.4836779711964346], "val_loss": [0.40631944339746123, 0.8787683039239258, 2.2417582706281336, 0.9722455004526741, 2.147702601834669, 2.7410157772291237, 6.118476260429735, 4.989371796322477, 6.396379426489495, 10.128309152047535], "acc": [0.8384, 0.777, 0.706, 0.8366, 0.8162, 0.8306, 0.783, 0.8448, 0.8416, 0.8344]}