{"train_loss": [0.4330897386074066, 0.27590305210351945, 0.19368811594843865, 0.11829890077412128, 0.06128026505708695, 0.02854537449553609, 0.01412957471832633, 0.0076750396715477105, 0.004427739604189992, 0.0026569811291061343], "val_loss": [0.3474186358937792, 0.29704406634447683, 0.3211820021176794, 0.3016312539719852, 0.32627087098303115, 0.3509300685232612, 0.3603447530015259, 0.37923056928879895, 0.40029120256614154, 0.41144894782430047], "acc": [0.849, 0.8798, 0.8666, 0.885, 0.884, 0.8808, 0.886, 0.8856, 0.884, 0.8812]}