{"train_loss": [0.6633323816537857, 0.5830081492955796, 0.5542398111740593, 0.5251400368812494, 0.48030544044957496, 0.42274345664898866, 0.40733307841192584, NaN, NaN, NaN], "val_loss": [0.511421014586091, 0.4612964241728187, 0.47001994697004557, 0.5452745915317908, 0.5911069066869095, 0.5149047829844523, 0.6477877063690685, NaN, NaN, NaN], "acc": [0.7722, 0.807, 0.815, 0.8094, 0.8038, 0.8278, 0.803, 0.4952, 0.4952, 0.4952]}