{"train_loss": [0.4785227050125599, 0.3008978663429618, 0.22555101108066739, 0.15598624952733517, 0.09519723582193255, 0.05704242772454163, 0.03045626627751626, 0.015554600181677961, 0.008339556597993214, 0.003705812421929659], "val_loss": [0.33838890533447263, 0.3193852972209454, 0.3096330664455891, 0.3273664544638246, 0.3355872021920979, 0.3693026449620724, 0.4097686792830937, 0.44625294020837175, 0.4772153836389771, 0.5080598745536176], "acc": [0.8574, 0.8608, 0.8712, 0.8668, 0.8756, 0.8694, 0.866, 0.8662, 0.8688, 0.8678]}