{"train_loss": [0.6343104194641114, 0.5294750433444977, 0.45015406274795533, 0.3883838716983795, 0.3436205246925354, 0.30883104672431944, 0.2805275136590004, 0.2560095393538475, 0.2336759957909584, 0.2127176640868187], "val_loss": [0.5753477181598639, 0.49148071875238114, 0.42032863000395954, 0.37194256968558975, 0.3463046260320457, 0.32637893204476426, 0.31351519760432517, 0.30334232738063593, 0.294353474572206, 0.2972759976508511], "acc": [0.7678, 0.7878, 0.8256, 0.845, 0.861, 0.8686, 0.8698, 0.874, 0.877, 0.8764]}