{"train_loss": [0.6778511056900024, 0.6235068723678588, 0.5203758288383484, 0.3860407701969147, 0.32155438734292985, 0.2720311330318451, 0.22911916066408158, 0.1956238672554493, 0.17144716826081277, 0.14567022530436516], "val_loss": [0.6531259899686097, 0.6026681300940787, 0.4559289997170685, 0.38917034978319887, 0.35573398715751187, 0.37354325764118484, 0.3290895595672024, 0.3291147669219667, 0.366104394861847, 0.340829854510772], "acc": [0.6994, 0.756, 0.8064, 0.8258, 0.85, 0.8408, 0.859, 0.8586, 0.856, 0.866]}