{"train_loss": [0.480113520359993, 0.3995999003887177, 0.35505661543607714, 0.3147148908853531, 0.27359223554730416, 0.2493987778544426, 0.21357438756227493, 0.2003611966997385, 0.17412285732328892, 0.1531311878144741], "val_loss": [0.39957440706195346, 0.4153272128503793, 0.39790005697186587, 0.38669281210868983, 0.4051051358128809, 0.4378358878812213, 0.4590278498970779, 0.5418166732712156, 0.47670669808604155, 0.5063756526845276], "acc": [0.8204, 0.8066, 0.8318, 0.8368, 0.8318, 0.8232, 0.8468, 0.8084, 0.8504, 0.8528]}