{"train_loss": [0.5601981681585312, 0.3759049417734146, 0.29874248992204666, 0.2456827473282814, 0.20532015511393548, 0.16849126376509665, 0.1331385904878378, 0.10090373568460345, 0.08003308367654681, 0.05528086768835783], "val_loss": [0.4307509723362649, 0.37004660648904786, 0.32905772802936045, 0.33261165952986216, 0.2985460190161778, 0.3051145934754876, 0.2926975388530713, 0.3062846986398955, 0.3522400309918982, 0.41921004386037397], "acc": [0.8104, 0.8438, 0.861, 0.8606, 0.8758, 0.874, 0.8824, 0.8812, 0.8798, 0.873]}