{"train_loss": [0.4318798745393753, 0.2761094884157181, 0.1887444874972105, 0.1153476856932044, 0.059751468275859955, 0.028913335113972427, 0.012651669650292024, 0.005409969267621636, 0.003028927569783991, 0.002098374932009028], "val_loss": [0.31436872972657504, 0.30665191346273635, 0.2986364816508878, 0.306674613705137, 0.3336002834642621, 0.37806883035004496, 0.3734514268141942, 0.39675706843012415, 0.4339077357959096, 0.4443674357210921], "acc": [0.8796, 0.867, 0.8786, 0.881, 0.8818, 0.8722, 0.8884, 0.886, 0.8858, 0.8854]}