{"train_loss": [0.4226333136692643, 0.2807177843943238, 0.20436144067533316, 0.13011351388655604, 0.07396844444898888, 0.03627744999236311, 0.017628330472915878, 0.00818881313512211, 0.0032419209089952347, 0.0012849040738056828], "val_loss": [0.32084719862639904, 0.29205260670483113, 0.31874447972476483, 0.3298117409516126, 0.380391558257211, 0.42141629732795993, 0.49556730511192, 0.47118766688024627, 0.517209589537268, 0.5707076162157405], "acc": [0.8664, 0.8844, 0.8716, 0.879, 0.8742, 0.8708, 0.862, 0.8802, 0.876, 0.8722]}