{"train_loss": [0.5113716242790222, 0.45382725558280945, 0.39059509365558626, 0.34915034811496737, 0.3010453118622303, 0.26057227271795275, 0.24777660281658173, 0.24150823712944985, 0.19934876123070716, 0.18926419048607349], "val_loss": [0.7521998062255276, 0.3856450287969249, 0.7296534323008956, 0.3900246265919725, 0.39392987861754786, 0.46218851623926194, 0.62467972189188, 0.5524055038572876, 0.5147112684004056, 0.5590320634329395], "acc": [0.681, 0.8362, 0.685, 0.8294, 0.8384, 0.8396, 0.8106, 0.8382, 0.8554, 0.8458]}