{"train_loss": [0.36303067504391073, 0.17244928205679172, 0.05596592876591603, 0.017668837824079672, 0.012124825072986505, 0.012421422311951813, 0.007885395602430881, 0.005638220116513176, 0.005816442607504726, 0.00511874552868427], "val_loss": [0.283208304284513, 0.27461275309287014, 0.32037516879963224, 0.39886772818070604, 0.43508540025412623, 0.48074532222534616, 0.5889214618751467, 0.5861557309544362, 0.7007189869833739, 0.729816822586096], "acc": [0.885, 0.8964, 0.8962, 0.8974, 0.8942, 0.8894, 0.8898, 0.8946, 0.8874, 0.8884]}