{"train_loss": [0.6699176244139672, 0.5930416732266546, 0.530357269872725, 0.5365340186998248, 0.48052275277990847, 0.49910785949267444, 0.4622303531803191, 0.43126670936134176, 0.4216160510584479, 0.41744404110088945], "val_loss": [1.0123751076593994, 0.6100100789368152, 0.5115567821323872, 0.4482662589177489, 0.8354785850740969, 0.5659170064978302, 0.9604293269903166, 0.49413074771789833, 0.5343113665024052, 0.4343393616429312], "acc": [0.5996, 0.6952, 0.7444, 0.813, 0.6988, 0.7808, 0.6696, 0.8106, 0.7932, 0.8338]}