{"train_loss": [0.5426239124536514, 0.3760157752633095, 0.29678900896310806, 0.22485314230322836, 0.18179428149461746, 0.1484934779010713, 0.13177625879012048, 0.11162518260963261, 0.08380918024815619, 0.04682646957116667], "val_loss": [0.4136160406147599, 0.3685267830065861, 0.39278797425661877, 0.40335401234211055, 0.456617485803024, 0.48035702659825613, 0.606822630331205, 0.7366193304206156, 0.6366524095320778, 0.7631695332468316], "acc": [0.8114, 0.8434, 0.8504, 0.8546, 0.8564, 0.8562, 0.843, 0.826, 0.8602, 0.8548]}