{"train_loss": [0.4300630211412907, 0.1978829016417265, 0.08279965623822064, 0.026737975264154376, 0.010141484995701467, 0.006359463970980141, 0.009135547103417048, 0.008861071172739321, 0.0038070796359890666, 0.001023517417414041], "val_loss": [0.3064989786797438, 0.2798417217303484, 0.3182147225251975, 0.4032377218954063, 0.44740232621756987, 0.49465465185361895, 0.49153257698488656, 0.49816544641597055, 0.5671418575934389, 0.6341323642954755], "acc": [0.8688, 0.8864, 0.8842, 0.878, 0.8814, 0.8826, 0.884, 0.8838, 0.8826, 0.8834]}