{"train_loss": [0.4709272300004959, 0.2288027824163437, 0.11237658652961253, 0.04666135503053665, 0.019140101088956, 0.0077280494618229565, 0.0032135025072842836, 0.001586280054107192, 0.012318909116275608, 0.009033374642475974], "val_loss": [0.3135918458555914, 0.2714196373797526, 0.30846747217379555, 0.37307168391479806, 0.44734400301981886, 0.5005769088959239, 0.5462322877186119, 0.4013163749792963, 0.4483494290275274, 0.4924163193305492], "acc": [0.875, 0.8912, 0.8866, 0.882, 0.8792, 0.8744, 0.8846, 0.8844, 0.8792, 0.8846]}