{"train_loss": [0.5074399176120759, 0.31286477130651474, 0.23217781708836555, 0.16334440075457096, 0.10349714314155281, 0.062188664151728155, 0.036728782827034595, 0.020930263878498227, 0.01107432651759591, 0.00585417191889137], "val_loss": [0.36286845917518906, 0.3121410166255582, 0.3104234698790902, 0.3191861380129672, 0.3242853600844241, 0.3446762283219578, 0.3809312736353697, 0.40726387306836587, 0.4168122892205517, 0.4462044717105754], "acc": [0.844, 0.8688, 0.8722, 0.8724, 0.8754, 0.871, 0.8638, 0.87, 0.8696, 0.8694]}