{"train_loss": [0.6481087321996689, 0.542528264939785, 0.4524095677316189, 0.3940535221606493, 0.35152223854660986, 0.3159886866942048, 0.2845815254539251, 0.25710784865915776, 0.2309251149505377, 0.20826349959075452], "val_loss": [0.5948615797996522, 0.5014090752363205, 0.4346553758621216, 0.39338869154453276, 0.3646228842139244, 0.3430188610076904, 0.3284675934553146, 0.31477933854460716, 0.3109626016676426, 0.30247050377726553], "acc": [0.7714, 0.7864, 0.8134, 0.8294, 0.8414, 0.8564, 0.8596, 0.8676, 0.8656, 0.8724]}