{"train_loss": [0.5675326644241809, 0.4380239147335291, 0.40637068301104007, 0.3439564884137362, 0.370275028219074, 0.2517078483463265, 0.2167515468989499, 0.23607465863171964, 0.22801921424670146, NaN], "val_loss": [0.44723651536737385, 0.441874809348926, 0.4071741568418547, 0.4625843925127825, 0.4640201345895426, 0.743333609925342, 0.5338274652626329, 0.6639060226042931, 0.5812450273539135, NaN], "acc": [0.7966, 0.8224, 0.8302, 0.8322, 0.8352, 0.7834, 0.848, 0.8214, 0.839, 0.4952]}