{"train_loss": [0.5257373428791762, 0.33595155021920803, 0.25224105028919874, 0.19374705921895802, 0.14755848493995144, 0.10582060459235218, 0.07114796179934638, 0.04880789256131975, 0.04972909777781897, 0.02627294375513957], "val_loss": [0.42312702983617784, 0.3347175368666649, 0.3044857074394822, 0.3027940445713699, 0.30363748754672704, 0.29566537768654527, 0.3978393365646596, 0.4540890069565794, 0.3722564980446827, 0.5565538380634542], "acc": [0.8088, 0.854, 0.875, 0.8764, 0.8776, 0.8862, 0.8768, 0.875, 0.8814, 0.8726]}