{"train_loss": [0.39001989090442657, 0.18311519330143927, 0.06446812417656184, 0.014828689236845822, 0.003288113366207108, 0.001486878521257313, 0.005034028402890544, 0.01405238393205218, 0.006154400015517604, 0.0014570119263051312], "val_loss": [0.28046337249362546, 0.2529816521201164, 0.28192767624262793, 0.33307845421301524, 0.4031427361539737, 0.476927885718964, 0.47751386636114757, 0.43450542477368836, 0.538523893994294, 0.6404561408154761], "acc": [0.892, 0.9026, 0.9004, 0.9006, 0.8996, 0.8996, 0.887, 0.8824, 0.8872, 0.8922]}