{"train_loss": [0.4197311156153679, 0.27253524260818957, 0.18859277689754964, 0.10875183858796954, 0.05259518516175449, 0.023628021603729576, 0.010176555289886893, 0.0043518258355907165, 0.0028936740219476635, 0.0013865559669589856], "val_loss": [0.3450141200147117, 0.30773000152537616, 0.3082625892894051, 0.31643164121269135, 0.33903303443373867, 0.38880387835722335, 0.41064285511335435, 0.46806480661525535, 0.45851652888246786, 0.4992678339521329], "acc": [0.8558, 0.87, 0.873, 0.8876, 0.8864, 0.8868, 0.8854, 0.883, 0.8852, 0.8838]}