{"train_loss": [0.5246523667156696, 0.3388166952818632, 0.260873028755188, 0.20577544391453267, 0.15933019448816776, 0.11872516340054572, 0.08630248246751726, 0.06041351591264829, 0.038895535300206396, 0.02699745865627192], "val_loss": [0.40058803620239414, 0.33417789319071906, 0.30707052354805003, 0.2974955511871523, 0.33137244425904444, 0.3023132787832913, 0.3125836432111054, 0.3562282463520789, 0.4162869318247068, 0.40058704039093834], "acc": [0.8204, 0.8584, 0.873, 0.8804, 0.8676, 0.88, 0.8814, 0.8762, 0.8814, 0.881]}