{"train_loss": [0.6604577547550201, 0.5471759796142578, 0.3919855454981327, 0.3061004480689764, 0.25154302158653735, 0.20815884409695865, 0.1673579268760979, 0.13895610185861587, 0.10889049784839153, 0.087971005673334], "val_loss": [0.6224872985967813, 0.46801102647004417, 0.37879376475232096, 0.3458820990384958, 0.3251290996663106, 0.3408688389526579, 0.32859686310417924, 0.3516400073574612, 0.3205172074571871, 0.32307442011662757], "acc": [0.765, 0.798, 0.8424, 0.8584, 0.8676, 0.8656, 0.8684, 0.8646, 0.8742, 0.876]}