{"train_loss": [0.4097456840395927, 0.19990347558259963, 0.07795161089450121, 0.02207112099621445, 0.005596323055680841, 0.002093247120419983, 0.0011846226297522662, 0.00705975964498939, 0.015584562553884462, 0.004621718976041302], "val_loss": [0.30314391229752524, 0.26900440198221026, 0.28703595713302965, 0.3398217177730362, 0.3834030298237351, 0.4685264342719582, 0.47449266220069236, 0.3893911975145245, 0.43587566918106213, 0.48886169316425065], "acc": [0.8736, 0.8912, 0.8938, 0.894, 0.8914, 0.8896, 0.89, 0.8906, 0.89, 0.8896]}