{"train_loss": [0.581789977312088, 0.42179139350652695, 0.3420110620558262, 0.29504944420456886, 0.2591129290193319, 0.22635188087522984, 0.1971729766279459, 0.16971135579645633, 0.14436786249577999, 0.12067458429634571], "val_loss": [0.48690985262203523, 0.37678296897358027, 0.3220672515301278, 0.31216767673103957, 0.2823975604420272, 0.2895012844722873, 0.2841941016003156, 0.2766060301671013, 0.2683870120884511, 0.26921225218370126], "acc": [0.7962, 0.8424, 0.8682, 0.8696, 0.8834, 0.879, 0.8792, 0.8816, 0.8866, 0.8834]}