{"train_loss": [0.5480361361622811, 0.4499892501831055, 0.42745900253653524, 0.41374610311985016, 0.38789655122756955, 0.3710716379374266, 0.3500681982278824, 0.3350186442255974, 0.3248763130158186, 0.3229998375862837], "val_loss": [0.46246441670309624, 0.42802623833139863, 0.4337893773715336, 0.4724192995542345, 0.4235912505418253, 0.41660800523841723, 0.40785572651666574, 0.4086890157800132, 0.4292787430099786, 0.5398656737606842], "acc": [0.7684, 0.8056, 0.8098, 0.7722, 0.8128, 0.8156, 0.8306, 0.8282, 0.8162, 0.7586]}