{"train_loss": [0.64460882550776, 0.5499348132044077, 0.4937417384415865, 0.47903465703874826, 0.4713967008516192, 0.458727900442481, 0.4413539710775018, 0.4368426864504814, 0.4281166374206543, 0.41194076606929303], "val_loss": [0.5577327691316605, 0.46214270686507225, 0.4530522113338113, 0.4371889650583267, 0.5229692825451493, 0.436913280813396, 0.44782153565138577, 0.4966039589172229, 0.427959412000468, 0.42819452510774136], "acc": [0.694, 0.7762, 0.796, 0.8192, 0.7312, 0.7902, 0.7804, 0.7552, 0.7952, 0.7968]}