{"train_loss": [0.6322022869706154, 0.4386982276469469, 0.3092995672002435, 0.2455059973988682, 0.19485530765652656, 0.15104229941572994, 0.14309398310026153, 0.09059290318663697, 0.07382141215880401, 0.057094936378614514], "val_loss": [0.5621721661567688, 0.397024462223053, 0.34188399903774264, 0.32784617129713295, 0.3215863775342703, 0.32094899745881555, 0.36112109810113907, 0.358881582874991, 0.3807803952345625, 0.4191909618152305], "acc": [0.773, 0.8308, 0.8542, 0.8654, 0.8668, 0.8672, 0.8638, 0.8698, 0.868, 0.866]}