{"train_loss": [0.4833863051712513, 0.30787350186407564, 0.22733755915649234, 0.16622942659035325, 0.11512739279324888, 0.07269854223579168, 0.04129691703366116, 0.023996698437543092, 0.01661080546166104, 0.01237570646907866], "val_loss": [0.37444910364747047, 0.3379319494187832, 0.3539340560376644, 0.2891591177351773, 0.311377200916037, 0.31258847541362045, 0.3576095357852755, 0.37250105487615803, 0.4820908312374755, 0.4414752503292984], "acc": [0.8376, 0.8488, 0.8524, 0.8836, 0.88, 0.8818, 0.8918, 0.8888, 0.8846, 0.885]}