{"train_loss": [0.4203996525764465, 0.2760331912338734, 0.18345337733626366, 0.12853057909011842, 0.11866385639607906, 0.0924263365238905, 0.06616625521145761, 0.05539950491413474, 0.05913512402754277, 0.059190207435935734], "val_loss": [0.32773583429824016, 0.38340104081828125, 0.3463111299024835, 0.49960701585195627, 0.4231841527637403, 0.4349964247233454, 0.5304014225413275, 0.568213965162445, 0.5742160068338464, 0.633197033095654], "acc": [0.8614, 0.8436, 0.8674, 0.8418, 0.876, 0.8746, 0.8586, 0.8652, 0.8674, 0.8614]}