{"train_loss": [0.36569682037569584, 0.16335389003986492, 0.05066388612215233, 0.018189590618975852, 0.009027118775371719, 0.009570681586356431, 0.006425373287597455, 0.004981512666956049, 0.0012802859039764307, 0.0011025342488765596], "val_loss": [0.3036196295849979, 0.27800312659218906, 0.3663819978366606, 0.5394761053768714, 0.5253336531050318, 0.5122787302439318, 0.5294722912308919, 0.6298524233708895, 0.7516628843663034, 0.7120759006779137], "acc": [0.8762, 0.8956, 0.8836, 0.8616, 0.882, 0.8878, 0.8838, 0.8868, 0.882, 0.8866]}