{"train_loss": [0.44474389164447786, 0.29969433522224426, 0.22810669196248054, 0.17653119706511497, 0.14356536684036256, 0.12457660872191191, 0.09839503408968449, 0.08875880428850651, 0.08322575418874621, 0.06974901292622089], "val_loss": [0.3725509634063502, 0.35682691432013636, 0.3664164927070308, 0.4042265649623932, 0.38721001489906554, 0.4264110254159399, 0.445976806009651, 0.48571930460299656, 0.48479941050717784, 0.5106045542237391], "acc": [0.841, 0.8488, 0.8518, 0.8476, 0.8598, 0.86, 0.858, 0.8474, 0.8486, 0.8564]}