{"train_loss": [0.45969661589860916, 0.28410947041511536, 0.20117083410024644, 0.12406056503653526, 0.06957383041679858, 0.03517174286097288, 0.018539303302392365, 0.010279333497211338, 0.006196999420970678, 0.0037042381065897642], "val_loss": [0.32884906640478, 0.30387249702860597, 0.29604443089122984, 0.31406918101629633, 0.32766043204980294, 0.34317805898037684, 0.3594142914909846, 0.385557197010631, 0.3854565879650367, 0.3981364369036476], "acc": [0.8754, 0.8748, 0.8802, 0.8782, 0.8808, 0.8822, 0.8836, 0.8802, 0.8836, 0.8822]}