{"train_loss": [0.7364961565122008, 0.6811850166074932, 0.6354569324638695, 0.604497497119382, 0.572340823727654, 0.553313807592541, 0.5171426354739815, 0.553507326474227, 0.5593362675353885, 0.5119111845085398], "val_loss": [1.2949343921467662, 0.5716032284811139, 0.5480019883291796, 0.6797256428293884, 0.5235515339232981, 0.48248048635423185, 0.645657237547636, 0.4612085591245443, 0.4564279140049592, 0.595677835130319], "acc": [0.5566, 0.759, 0.7254, 0.6998, 0.7966, 0.7994, 0.7638, 0.8224, 0.8106, 0.7718]}