{"train_loss": [0.5342507264018059, 0.4707860677182674, 0.4220253213226795, 0.38502685572206974, 0.3683233711361885, 0.3450928186893463, 0.3359575774744153, 0.31092865594923497, 0.29134281422495845, 0.2913317883506417], "val_loss": [0.4071180242985582, 0.8048336810697192, 0.43584499806284716, 0.3928191853812137, 0.5279799998104097, 0.4970560512794092, 0.4211259798084299, 0.4055533445478914, 0.4855982592870919, 0.4588590264632798], "acc": [0.826, 0.66, 0.8194, 0.8386, 0.7626, 0.7844, 0.84, 0.847, 0.8238, 0.8232]}