{"train_loss": [0.4164311668366194, 0.28581569434776904, 0.20099565982390194, 0.1263801652622409, 0.06479389678960433, 0.03361201651342854, 0.016886209578659328, 0.007851897289079715, 0.0046535748663140055, 0.003555019183489901], "val_loss": [0.35106731062829494, 0.34442063839808107, 0.29675766805484893, 0.3910004241527058, 0.3814143284928054, 0.4233925399443135, 0.4845149881284975, 0.5494425239243282, 0.6419104235228383, 0.6306311791327802], "acc": [0.837, 0.8606, 0.8802, 0.8624, 0.8818, 0.8778, 0.8684, 0.8762, 0.8562, 0.8722]}