{"train_loss": [0.37387151539325714, 0.17326878817379474, 0.05450201538326219, 0.010876356188999488, 0.0021430475819419373, 0.00036716038403192215, 7.316990462363719e-05, 2.884689302609331e-05, 1.2736320511996268e-05, 5.9411515570189976e-06], "val_loss": [0.2764183095278451, 0.2742088944219743, 0.3625108293144586, 0.3607240581255296, 0.4334477625383524, 0.5131018041254999, 0.583929408550307, 0.6468289352582064, 0.748714897370516, 0.7888899839397508], "acc": [0.8886, 0.8948, 0.886, 0.8966, 0.8974, 0.8946, 0.8928, 0.8918, 0.8866, 0.8866]}