{"train_loss": [0.4831172711491585, 0.3609324431449175, 0.31559106088876726, 0.2718152590245008, 0.22697226940393447, 0.20576014448925853, 0.19234060654342175, 0.1720971709821373, 0.1540667405841872, 0.14062483843881637], "val_loss": [0.4637706761304944, 0.3905648764448996, 0.40911593664877904, 0.42607747066539886, 0.4899706805107026, 0.42076376916918035, 0.49188488252913226, 0.5521228789789275, 0.4857007336502258, 0.4626223476419148], "acc": [0.7866, 0.8288, 0.8394, 0.8422, 0.8188, 0.8466, 0.8216, 0.818, 0.8456, 0.848]}