{"train_loss": [0.5988352355480194, 0.40675839486122134, 0.3190694402933121, 0.2719907598733902, 0.22117570537924766, 0.19427809018492698, 0.1737775743305683, 0.13777334965020419, 0.11030422701835632, 0.10146622396558523], "val_loss": [0.47827533456929927, 0.38309343662231593, 0.35809661239195784, 0.31608575449627674, 0.31326382180118256, 0.3072177822802477, 0.36508790977821226, 0.3708828177753907, 0.31106718662817767, 0.35873134540999013], "acc": [0.7872, 0.8412, 0.844, 0.8682, 0.8652, 0.8704, 0.8608, 0.8684, 0.8764, 0.8712]}