{"train_loss": [0.5645295738101006, 0.37206679595708847, 0.28624462537765505, 0.229946510463953, 0.18209032772555947, 0.1464174012646079, 0.11250765853822231, 0.08510005007032305, 0.06375565210850909, 0.051918288662703704], "val_loss": [0.4391936601255648, 0.3721098229051017, 0.323727428960724, 0.3937178807743727, 0.4050347643841903, 0.33651007494082846, 0.33148872678260355, 0.3911060635655071, 0.33239101708387603, 0.33951669990921174], "acc": [0.7978, 0.8366, 0.857, 0.842, 0.8662, 0.8642, 0.8732, 0.86, 0.8734, 0.8804]}