{"train_loss": [0.5321465163230896, 0.3263696242570877, 0.23852359360456465, 0.16894796902537346, 0.11216728088855743, 0.07233283802866936, 0.0450322505235672, 0.02867280930839479, 0.01780244635678828, 0.011642898269928991], "val_loss": [0.38139469503976736, 0.3137697236742943, 0.3060744982805981, 0.3030615202892738, 0.30632547725727605, 0.3192832144867083, 0.3364870137754519, 0.3466201164540212, 0.3646661451762649, 0.38496161779021004], "acc": [0.8458, 0.868, 0.8752, 0.8758, 0.8848, 0.8814, 0.8798, 0.8782, 0.8784, 0.8756]}