{"train_loss": [0.6183864050149918, 0.4791300218343735, 0.39089678456783294, 0.3357001578450203, 0.2948511929035187, 0.2620696035504341, 0.2333309914857149, 0.20699039147496223, 0.18313419262468814, 0.16054834045916797], "val_loss": [0.5369026568560554, 0.42693187296390533, 0.36116338199891224, 0.3329274392070862, 0.3119009576809292, 0.30100480400430507, 0.2851195388470595, 0.29389512291350683, 0.2792534598241599, 0.2841046046906005], "acc": [0.7956, 0.8314, 0.8562, 0.867, 0.8744, 0.878, 0.884, 0.884, 0.8862, 0.8842]}