{"train_loss": [0.5088005209654569, 0.4036268197864294, 0.3553883551634848, 0.3246885341363028, 0.29746382709760216, 0.2757695096027106, 0.25090130147077144, 0.22729995307959616, 0.21264447623305022, 0.19423762702611275], "val_loss": [0.5791374111533165, 0.4220800142850727, 0.45390658469721673, 0.39743065611235795, 0.5216495625663549, 0.40465595038066093, 0.4689047281361185, 0.4197516029302031, 0.46795748520893976, 0.48398143298951907], "acc": [0.7182, 0.8198, 0.7912, 0.8336, 0.7802, 0.8412, 0.8072, 0.8376, 0.8208, 0.8224]}