{"train_loss": [0.5398356112241744, 0.47032437989115716, 0.45665349050462245, 0.4009050925657153, 0.40839500378519294, 0.34778165293112395, 0.3388290854729712, 0.329578448164463, 0.2995108753621578, 0.30905135130863637], "val_loss": [0.5189251818786413, 0.3416057914114608, 0.3831663072442475, 0.38327715691095726, 0.3962281302284128, 0.4335237397654607, 0.42971632602258614, 0.48529781972447905, 0.5259560836038698, 1.2019657300928006], "acc": [0.745, 0.8612, 0.8196, 0.8518, 0.859, 0.8394, 0.8658, 0.8532, 0.8216, 0.7378]}