{"train_loss": [0.47205080754458906, 0.36825984739363193, 0.29141181202158334, 0.2346420579433441, 0.20470984069500117, 0.1615996482963674, 0.14930360375512391, 0.12723092768453062, 0.11244749716706574, 0.10413798343800008], "val_loss": [0.5050230691560541, 0.36783097878384136, 0.39923860896200225, 0.6191860996811582, 0.45361581076079377, 0.45601130294622466, 0.5143134375504507, 0.49007897592557315, 0.5132135001083534, 0.6969029674827777], "acc": [0.7654, 0.851, 0.8488, 0.791, 0.846, 0.8536, 0.8512, 0.8642, 0.8574, 0.8322]}