{"train_loss": [0.5876655702367425, 0.522290266533196, 0.45063607362015173, 0.3936919035214931, 0.3703416940513067, 0.34225547317117455, 0.3300851949504577, 0.32415225717407886, 0.2988404288960388, 0.29016488997609124], "val_loss": [0.4501545314580202, 0.48878722525686025, 0.5636615353344009, 0.414037217955105, 0.7072669759216602, 0.48191790916680477, 0.5157936655445352, 0.5132393123695423, 0.46320570955574514, 0.49579209768662696], "acc": [0.791, 0.7858, 0.7688, 0.8466, 0.7504, 0.8216, 0.8114, 0.8222, 0.8386, 0.8334]}