{"train_loss": [0.6763259009361267, 0.6370978384017945, 0.5899354166984558, 0.5352563750267029, 0.479172407245636, 0.4287059633255005, 0.3900886734962463, 0.35979267461299896, 0.33498399245738986, 0.31306194806098936], "val_loss": [0.6580175704257504, 0.6190456611335657, 0.5685053915734504, 0.5140562006242716, 0.46030935626121083, 0.41933736110189157, 0.3894452050233343, 0.3664299678650631, 0.35001828687585845, 0.3358772974105398], "acc": [0.7102, 0.7476, 0.789, 0.8074, 0.824, 0.8386, 0.8454, 0.855, 0.8606, 0.8656]}