{"train_loss": [0.6694286196231842, 0.6095786675453186, 0.5374220232248307, 0.46591970233917235, 0.40689632164239886, 0.3636105811715126, 0.32972009840011596, 0.30257496713995935, 0.2781601451456547, 0.25728598546385767], "val_loss": [0.6394600921545547, 0.5746256206363154, 0.5017366698755624, 0.4441479042696115, 0.39605716799204344, 0.3686395495558699, 0.3440843167396399, 0.33253136539040284, 0.31972248064348113, 0.31105858037551753], "acc": [0.7388, 0.7824, 0.8118, 0.8264, 0.8438, 0.8508, 0.8626, 0.863, 0.869, 0.874]}