{"train_loss": [0.5813349300384522, 0.41329169093966484, 0.3373059190094471, 0.290161846332252, 0.25371481011509894, 0.22006933192387224, 0.19104255225509406, 0.16374453495778143, 0.13769013045430184, 0.1151820672236383], "val_loss": [0.4759197327852249, 0.3747602040171623, 0.3384834319114685, 0.3037093337059021, 0.30141203536987304, 0.286284988412261, 0.2888418523311615, 0.28454384118914605, 0.273231985732913, 0.28189937225878237], "acc": [0.8158, 0.8462, 0.8612, 0.8754, 0.8766, 0.8852, 0.883, 0.8822, 0.8848, 0.885]}