{"train_loss": [0.5086304087400436, 0.4269891485691071, 0.38089687452316284, 0.34515242885351183, 0.31464097203016284, 0.304701218354702, 0.27473720943927765, 0.2548966000556946, 0.23595304081439972, 0.23178878172338008], "val_loss": [0.4330089779416467, 0.43477800488471985, 0.4169173112530617, 0.39150542409936334, 0.4282439776761517, 0.42672731618213045, 0.4235075120428565, 0.42184854545600853, 0.4550507963178264, 0.4580995640747107], "acc": [0.7992, 0.7948, 0.8174, 0.8278, 0.8182, 0.8332, 0.8258, 0.8326, 0.8166, 0.8348]}