{"train_loss": [0.5488616650760174, 0.38304038955271247, 0.3091261417657137, 0.2612339720599353, 0.22417657516971232, 0.1899702124979347, 0.15870806878190488, 0.12912116046734154, 0.10367095330823213, 0.08067853464186192], "val_loss": [0.43609267237186433, 0.34692772883176803, 0.3161464067220688, 0.2984002706229687, 0.2892343656420708, 0.2946768915116787, 0.28037491542994974, 0.28654842009991405, 0.29369091435074807, 0.3099724776573479], "acc": [0.8212, 0.8572, 0.8696, 0.8762, 0.8772, 0.881, 0.8894, 0.8884, 0.8886, 0.8826]}