{"train_loss": [0.6212420775413513, 0.4815890463352203, 0.39771841032505034, 0.3422758738517761, 0.30324568507671357, 0.270255636715889, 0.24137221732139588, 0.21501273100376128, 0.18972335470914842, 0.1668092350780964], "val_loss": [0.5358583689874904, 0.4301989991573771, 0.3639405813946086, 0.33653766514769023, 0.3126555274056781, 0.3022912292248884, 0.29335620866459644, 0.2867096676758141, 0.2987065101694909, 0.290793509287819], "acc": [0.793, 0.822, 0.851, 0.8608, 0.8722, 0.8784, 0.8816, 0.883, 0.876, 0.883]}