{"train_loss": [0.40184263866990805, 0.19235869171563535, 0.0782111620118143, 0.026605917006400706, 0.010410499428543881, 0.00779691329725074, 0.00735354305087194, 0.00359068248225592, 0.0018356095834344615, 0.0021126025942204323], "val_loss": [0.291175540176034, 0.2773904481649399, 0.31867878430201674, 0.37047377201481724, 0.40709027379854235, 0.47496396698789756, 0.509977663495402, 0.5423083472932194, 0.5860040654242599, 0.6628189790583278], "acc": [0.8774, 0.8882, 0.888, 0.8886, 0.8904, 0.8832, 0.8876, 0.8828, 0.8798, 0.8688]}