{"train_loss": [0.38224454129338264, 0.1749687908679247, 0.05404086575247347, 0.01229796686799964, 0.0033075699896668084, 0.0005345258578068751, 0.00010283360675775839, 3.0785280846981776e-05, 1.362618227424548e-05, 6.517934348817534e-06], "val_loss": [0.2862237686523424, 0.2756111236116566, 0.28886372776339037, 0.35683079402129086, 0.4571338482656951, 0.5224644406130747, 0.5707449532218366, 0.6582599735720287, 0.7356104011241507, 0.8141578137982289], "acc": [0.8784, 0.8862, 0.8988, 0.892, 0.8908, 0.8902, 0.8928, 0.892, 0.8894, 0.888]}